fortune_rank_2025,company_name,ticker,cik_padded,target_report_year,ai_window_count,topic_0_count,topic_0_share,topic_1_count,topic_1_share,topic_2_count,topic_2_share,topic_3_count,topic_3_share,topic_4_count,topic_4_share,seed_efficiency_productivity_count,seed_efficiency_productivity_share,seed_negative_sensitive_count,seed_negative_sensitive_share,seed_content_generation_count,seed_content_generation_share,seed_privacy_data_security_count,seed_privacy_data_security_share,seed_infrastructure_platform_count,seed_infrastructure_platform_share,k,k5_topic_0_label,k5_topic_1_label,k5_topic_2_label,k5_topic_3_label,k5_topic_4_label,AI_Privacy_Data_Law_Topic_Count,AI_Privacy_Data_Law_Topic_Share,AI_Business_Product_Topic_Count,AI_Business_Product_Topic_Share,AI_Cybersecurity_Risk_Topic_Count,AI_Cybersecurity_Risk_Topic_Share,AI_Infrastructure_Topic_Count,AI_Infrastructure_Topic_Share,AI_AIUse_LegalRisk_Topic_Count,AI_AIUse_LegalRisk_Topic_Share,AI_NegativeSensitive_Topic_Count,AI_NegativeSensitive_Topic_Share,AI_Negative_Orientation,AI_Dominant_Topic_ID,AI_Dominant_Topic_Label
1,Amazon,AMZN,0001018724,2023,12,5,0.416667,1,0.083333,0,0.0,4,0.333333,2,0.166667,10,0.833333,36,3.0,13,1.083333,54,4.5,16,1.333333,5,privacy_data_law_protection,business_product_service_revenue,cybersecurity_attacks_security_threats,ai_cloud_platform_infrastructure,ai_use_legal_regulatory_risk,5,0.416667,1,0.083333,0,0.0,4,0.333333,2,0.166667,7,0.583334,0.25,0,privacy_data_law_protection
1,Amazon,AMZN,0001018724,2024,16,4,0.25,5,0.3125,0,0.0,5,0.3125,2,0.125,11,0.6875,38,2.375,13,0.8125,57,3.5625,17,1.0625,5,privacy_data_law_protection,business_product_service_revenue,cybersecurity_attacks_security_threats,ai_cloud_platform_infrastructure,ai_use_legal_regulatory_risk,4,0.25,5,0.3125,0,0.0,5,0.3125,2,0.125,6,0.375,0.0625,1,business_product_service_revenue
1,Amazon,AMZN,0001018724,2025,29,5,0.172414,15,0.517241,2,0.068966,5,0.172414,2,0.068966,17,0.586207,64,2.206897,16,0.551724,89,3.068966,45,1.551724,5,privacy_data_law_protection,business_product_service_revenue,cybersecurity_attacks_security_threats,ai_cloud_platform_infrastructure,ai_use_legal_regulatory_risk,5,0.172414,15,0.517241,2,0.068966,5,0.172414,2,0.068966,9,0.310346,0.137931,1,business_product_service_revenue
2,Walmart,WMT,0000104169,2023,5,0,0.0,5,1.0,0,0.0,0,0.0,0,0.0,8,1.6,4,0.8,0,0.0,5,1.0,1,0.2,5,privacy_data_law_protection,business_product_service_revenue,cybersecurity_attacks_security_threats,ai_cloud_platform_infrastructure,ai_use_legal_regulatory_risk,0,0.0,5,1.0,0,0.0,0,0.0,0,0.0,0,0.0,0.0,1,business_product_service_revenue
2,Walmart,WMT,0000104169,2024,7,0,0.0,7,1.0,0,0.0,0,0.0,0,0.0,10,1.428571,4,0.571429,0,0.0,6,0.857143,1,0.142857,5,privacy_data_law_protection,business_product_service_revenue,cybersecurity_attacks_security_threats,ai_cloud_platform_infrastructure,ai_use_legal_regulatory_risk,0,0.0,7,1.0,0,0.0,0,0.0,0,0.0,0,0.0,0.0,1,business_product_service_revenue
2,Walmart,WMT,0000104169,2025,12,1,0.083333,7,0.583333,2,0.166667,0,0.0,2,0.166667,12,1.0,14,1.166667,0,0.0,20,1.666667,5,0.416667,5,privacy_data_law_protection,business_product_service_revenue,cybersecurity_attacks_security_threats,ai_cloud_platform_infrastructure,ai_use_legal_regulatory_risk,1,0.083333,7,0.583333,2,0.166667,0,0.0,2,0.166667,5,0.416667,0.416667,1,business_product_service_revenue
3,UnitedHealth Group,UNH,0000731766,2023,11,3,0.272727,0,0.0,1,0.090909,2,0.181818,5,0.454545,7,0.636364,26,2.363636,1,0.090909,37,3.363636,17,1.545455,5,privacy_data_law_protection,business_product_service_revenue,cybersecurity_attacks_security_threats,ai_cloud_platform_infrastructure,ai_use_legal_regulatory_risk,3,0.272727,0,0.0,1,0.090909,2,0.181818,5,0.454545,9,0.818181,0.636364,4,ai_use_legal_regulatory_risk
3,UnitedHealth Group,UNH,0000731766,2024,11,3,0.272727,0,0.0,1,0.090909,2,0.181818,5,0.454545,7,0.636364,29,2.636364,1,0.090909,38,3.454545,17,1.545455,5,privacy_data_law_protection,business_product_service_revenue,cybersecurity_attacks_security_threats,ai_cloud_platform_infrastructure,ai_use_legal_regulatory_risk,3,0.272727,0,0.0,1,0.090909,2,0.181818,5,0.454545,9,0.818181,0.636364,4,ai_use_legal_regulatory_risk
3,UnitedHealth Group,UNH,0000731766,2025,15,3,0.2,0,0.0,1,0.066667,3,0.2,8,0.533333,10,0.666667,29,1.933333,1,0.066667,38,2.533333,17,1.133333,5,privacy_data_law_protection,business_product_service_revenue,cybersecurity_attacks_security_threats,ai_cloud_platform_infrastructure,ai_use_legal_regulatory_risk,3,0.2,0,0.0,1,0.066667,3,0.2,8,0.533333,12,0.8,0.6,4,ai_use_legal_regulatory_risk
4,Apple,AAPL,0000320193,2023,1,1,1.0,0,0.0,0,0.0,0,0.0,0,0.0,1,1.0,3,3.0,1,1.0,5,5.0,0,0.0,5,privacy_data_law_protection,business_product_service_revenue,cybersecurity_attacks_security_threats,ai_cloud_platform_infrastructure,ai_use_legal_regulatory_risk,1,1.0,0,0.0,0,0.0,0,0.0,0,0.0,1,1.0,1.0,0,privacy_data_law_protection
4,Apple,AAPL,0000320193,2024,3,2,0.666667,0,0.0,0,0.0,0,0.0,1,0.333333,2,0.666667,7,2.333333,2,0.666667,6,2.0,0,0.0,5,privacy_data_law_protection,business_product_service_revenue,cybersecurity_attacks_security_threats,ai_cloud_platform_infrastructure,ai_use_legal_regulatory_risk,2,0.666667,0,0.0,0,0.0,0,0.0,1,0.333333,3,1.0,1.0,0,privacy_data_law_protection
4,Apple,AAPL,0000320193,2025,6,3,0.5,0,0.0,0,0.0,0,0.0,3,0.5,2,0.333333,13,2.166667,3,0.5,15,2.5,0,0.0,5,privacy_data_law_protection,business_product_service_revenue,cybersecurity_attacks_security_threats,ai_cloud_platform_infrastructure,ai_use_legal_regulatory_risk,3,0.5,0,0.0,0,0.0,0,0.0,3,0.5,6,1.0,1.0,0,privacy_data_law_protection
5,Alphabet,GOOGL,0001652044,2023,82,5,0.060976,10,0.121951,1,0.012195,50,0.609756,16,0.195122,24,0.292683,115,1.402439,46,0.560976,120,1.463415,160,1.95122,5,privacy_data_law_protection,business_product_service_revenue,cybersecurity_attacks_security_threats,ai_cloud_platform_infrastructure,ai_use_legal_regulatory_risk,5,0.060976,10,0.121951,1,0.012195,50,0.609756,16,0.195122,22,0.268293,-0.341463,3,ai_cloud_platform_infrastructure
5,Alphabet,GOOGL,0001652044,2024,93,7,0.075269,15,0.16129,2,0.021505,50,0.537634,19,0.204301,34,0.365591,129,1.387097,46,0.494624,169,1.817204,194,2.086022,5,privacy_data_law_protection,business_product_service_revenue,cybersecurity_attacks_security_threats,ai_cloud_platform_infrastructure,ai_use_legal_regulatory_risk,7,0.075269,15,0.16129,2,0.021505,50,0.537634,19,0.204301,28,0.301075,-0.236559,3,ai_cloud_platform_infrastructure
5,Alphabet,GOOGL,0001652044,2025,84,10,0.119048,15,0.178571,3,0.035714,33,0.392857,23,0.27381,35,0.416667,127,1.511905,37,0.440476,140,1.666667,173,2.059524,5,privacy_data_law_protection,business_product_service_revenue,cybersecurity_attacks_security_threats,ai_cloud_platform_infrastructure,ai_use_legal_regulatory_risk,10,0.119048,15,0.178571,3,0.035714,33,0.392857,23,0.27381,36,0.428572,0.035714,3,ai_cloud_platform_infrastructure
6,CVS Health,CVS,0000064803,2023,4,0,0.0,1,0.25,0,0.0,3,0.75,0,0.0,7,1.75,2,0.5,0,0.0,7,1.75,7,1.75,5,privacy_data_law_protection,business_product_service_revenue,cybersecurity_attacks_security_threats,ai_cloud_platform_infrastructure,ai_use_legal_regulatory_risk,0,0.0,1,0.25,0,0.0,3,0.75,0,0.0,0,0.0,-0.75,3,ai_cloud_platform_infrastructure
6,CVS Health,CVS,0000064803,2024,7,2,0.285714,1,0.142857,1,0.142857,3,0.428571,0,0.0,7,1.0,11,1.571429,0,0.0,19,2.714286,7,1.0,5,privacy_data_law_protection,business_product_service_revenue,cybersecurity_attacks_security_threats,ai_cloud_platform_infrastructure,ai_use_legal_regulatory_risk,2,0.285714,1,0.142857,1,0.142857,3,0.428571,0,0.0,3,0.428571,0.0,3,ai_cloud_platform_infrastructure
6,CVS Health,CVS,0000064803,2025,13,2,0.153846,2,0.153846,2,0.153846,4,0.307692,3,0.230769,19,1.461538,39,3.0,0,0.0,42,3.230769,14,1.076923,5,privacy_data_law_protection,business_product_service_revenue,cybersecurity_attacks_security_threats,ai_cloud_platform_infrastructure,ai_use_legal_regulatory_risk,2,0.153846,2,0.153846,2,0.153846,4,0.307692,3,0.230769,7,0.538461,0.230769,3,ai_cloud_platform_infrastructure
7,Berkshire Hathaway,BRK-B,0001067983,2025,2,2,1.0,0,0.0,0,0.0,0,0.0,0,0.0,0,0.0,6,3.0,0,0.0,8,4.0,2,1.0,5,privacy_data_law_protection,business_product_service_revenue,cybersecurity_attacks_security_threats,ai_cloud_platform_infrastructure,ai_use_legal_regulatory_risk,2,1.0,0,0.0,0,0.0,0,0.0,0,0.0,2,1.0,1.0,0,privacy_data_law_protection
8,McKesson,MCK,0000927653,2023,3,0,0.0,3,1.0,0,0.0,0,0.0,0,0.0,7,2.333333,3,1.0,0,0.0,3,1.0,0,0.0,5,privacy_data_law_protection,business_product_service_revenue,cybersecurity_attacks_security_threats,ai_cloud_platform_infrastructure,ai_use_legal_regulatory_risk,0,0.0,3,1.0,0,0.0,0,0.0,0,0.0,0,0.0,0.0,1,business_product_service_revenue
8,McKesson,MCK,0000927653,2024,13,2,0.153846,6,0.461538,1,0.076923,1,0.076923,3,0.230769,20,1.538462,15,1.153846,0,0.0,24,1.846154,6,0.461538,5,privacy_data_law_protection,business_product_service_revenue,cybersecurity_attacks_security_threats,ai_cloud_platform_infrastructure,ai_use_legal_regulatory_risk,2,0.153846,6,0.461538,1,0.076923,1,0.076923,3,0.230769,6,0.461538,0.384615,1,business_product_service_revenue
8,McKesson,MCK,0000927653,2025,24,5,0.208333,7,0.291667,2,0.083333,1,0.041667,9,0.375,28,1.166667,47,1.958333,0,0.0,80,3.333333,10,0.416667,5,privacy_data_law_protection,business_product_service_revenue,cybersecurity_attacks_security_threats,ai_cloud_platform_infrastructure,ai_use_legal_regulatory_risk,5,0.208333,7,0.291667,2,0.083333,1,0.041667,9,0.375,16,0.666666,0.625,4,ai_use_legal_regulatory_risk
9,Exxon Mobil,XOM,0000034088,2025,3,0,0.0,3,1.0,0,0.0,0,0.0,0,0.0,4,1.333333,4,1.333333,1,0.333333,5,1.666667,0,0.0,5,privacy_data_law_protection,business_product_service_revenue,cybersecurity_attacks_security_threats,ai_cloud_platform_infrastructure,ai_use_legal_regulatory_risk,0,0.0,3,1.0,0,0.0,0,0.0,0,0.0,0,0.0,0.0,1,business_product_service_revenue
10,Cencora,COR,0001140859,2023,3,0,0.0,2,0.666667,1,0.333333,0,0.0,0,0.0,3,1.0,3,1.0,0,0.0,5,1.666667,2,0.666667,5,privacy_data_law_protection,business_product_service_revenue,cybersecurity_attacks_security_threats,ai_cloud_platform_infrastructure,ai_use_legal_regulatory_risk,0,0.0,2,0.666667,1,0.333333,0,0.0,0,0.0,1,0.333333,0.333333,1,business_product_service_revenue
10,Cencora,COR,0001140859,2024,3,0,0.0,2,0.666667,1,0.333333,0,0.0,0,0.0,3,1.0,3,1.0,0,0.0,5,1.666667,2,0.666667,5,privacy_data_law_protection,business_product_service_revenue,cybersecurity_attacks_security_threats,ai_cloud_platform_infrastructure,ai_use_legal_regulatory_risk,0,0.0,2,0.666667,1,0.333333,0,0.0,0,0.0,1,0.333333,0.333333,1,business_product_service_revenue
10,Cencora,COR,0001140859,2025,17,3,0.176471,3,0.176471,5,0.294118,0,0.0,6,0.352941,12,0.705882,50,2.941176,0,0.0,63,3.705882,14,0.823529,5,privacy_data_law_protection,business_product_service_revenue,cybersecurity_attacks_security_threats,ai_cloud_platform_infrastructure,ai_use_legal_regulatory_risk,3,0.176471,3,0.176471,5,0.294118,0,0.0,6,0.352941,14,0.82353,0.823529,4,ai_use_legal_regulatory_risk
11,Microsoft,MSFT,0000789019,2023,71,3,0.042254,3,0.042254,4,0.056338,49,0.690141,12,0.169014,50,0.704225,71,1.0,19,0.267606,81,1.140845,100,1.408451,5,privacy_data_law_protection,business_product_service_revenue,cybersecurity_attacks_security_threats,ai_cloud_platform_infrastructure,ai_use_legal_regulatory_risk,3,0.042254,3,0.042254,4,0.056338,49,0.690141,12,0.169014,19,0.267606,-0.422535,3,ai_cloud_platform_infrastructure
11,Microsoft,MSFT,0000789019,2024,99,5,0.050505,13,0.131313,6,0.060606,61,0.616162,14,0.141414,66,0.666667,101,1.020202,29,0.292929,115,1.161616,146,1.474747,5,privacy_data_law_protection,business_product_service_revenue,cybersecurity_attacks_security_threats,ai_cloud_platform_infrastructure,ai_use_legal_regulatory_risk,5,0.050505,13,0.131313,6,0.060606,61,0.616162,14,0.141414,25,0.252525,-0.363636,3,ai_cloud_platform_infrastructure
11,Microsoft,MSFT,0000789019,2025,87,4,0.045977,20,0.229885,9,0.103448,37,0.425287,17,0.195402,82,0.942529,114,1.310345,18,0.206897,97,1.114943,176,2.022989,5,privacy_data_law_protection,business_product_service_revenue,cybersecurity_attacks_security_threats,ai_cloud_platform_infrastructure,ai_use_legal_regulatory_risk,4,0.045977,20,0.229885,9,0.103448,37,0.425287,17,0.195402,30,0.344827,-0.08046,3,ai_cloud_platform_infrastructure
12,JPMorgan Chase,JPM,0000019617,2023,3,0,0.0,2,0.666667,1,0.333333,0,0.0,0,0.0,0,0.0,9,3.0,0,0.0,7,2.333333,12,4.0,5,privacy_data_law_protection,business_product_service_revenue,cybersecurity_attacks_security_threats,ai_cloud_platform_infrastructure,ai_use_legal_regulatory_risk,0,0.0,2,0.666667,1,0.333333,0,0.0,0,0.0,1,0.333333,0.333333,1,business_product_service_revenue
12,JPMorgan Chase,JPM,0000019617,2024,11,5,0.454545,4,0.363636,2,0.181818,0,0.0,0,0.0,2,0.181818,37,3.363636,2,0.181818,38,3.454545,22,2.0,5,privacy_data_law_protection,business_product_service_revenue,cybersecurity_attacks_security_threats,ai_cloud_platform_infrastructure,ai_use_legal_regulatory_risk,5,0.454545,4,0.363636,2,0.181818,0,0.0,0,0.0,7,0.636363,0.636364,0,privacy_data_law_protection
12,JPMorgan Chase,JPM,0000019617,2025,17,3,0.176471,9,0.529412,3,0.176471,0,0.0,2,0.117647,15,0.882353,40,2.352941,1,0.058824,55,3.235294,46,2.705882,5,privacy_data_law_protection,business_product_service_revenue,cybersecurity_attacks_security_threats,ai_cloud_platform_infrastructure,ai_use_legal_regulatory_risk,3,0.176471,9,0.529412,3,0.176471,0,0.0,2,0.117647,8,0.470589,0.470588,1,business_product_service_revenue
13,Costco Wholesale,COST,0000909832,2024,2,1,0.5,1,0.5,0,0.0,0,0.0,0,0.0,2,1.0,7,3.5,0,0.0,12,6.0,0,0.0,5,privacy_data_law_protection,business_product_service_revenue,cybersecurity_attacks_security_threats,ai_cloud_platform_infrastructure,ai_use_legal_regulatory_risk,1,0.5,1,0.5,0,0.0,0,0.0,0,0.0,1,0.5,0.5,0,privacy_data_law_protection
13,Costco Wholesale,COST,0000909832,2025,2,1,0.5,1,0.5,0,0.0,0,0.0,0,0.0,2,1.0,7,3.5,0,0.0,12,6.0,0,0.0,5,privacy_data_law_protection,business_product_service_revenue,cybersecurity_attacks_security_threats,ai_cloud_platform_infrastructure,ai_use_legal_regulatory_risk,1,0.5,1,0.5,0,0.0,0,0.0,0,0.0,1,0.5,0.5,0,privacy_data_law_protection
14,Cigna Group,CI,0001739940,2023,23,2,0.086957,1,0.043478,2,0.086957,5,0.217391,13,0.565217,10,0.434783,38,1.652174,0,0.0,31,1.347826,12,0.521739,5,privacy_data_law_protection,business_product_service_revenue,cybersecurity_attacks_security_threats,ai_cloud_platform_infrastructure,ai_use_legal_regulatory_risk,2,0.086957,1,0.043478,2,0.086957,5,0.217391,13,0.565217,17,0.739131,0.521739,4,ai_use_legal_regulatory_risk
14,Cigna Group,CI,0001739940,2024,27,3,0.111111,0,0.0,2,0.074074,3,0.111111,19,0.703704,14,0.518519,59,2.185185,2,0.074074,55,2.037037,33,1.222222,5,privacy_data_law_protection,business_product_service_revenue,cybersecurity_attacks_security_threats,ai_cloud_platform_infrastructure,ai_use_legal_regulatory_risk,3,0.111111,0,0.0,2,0.074074,3,0.111111,19,0.703704,24,0.888889,0.777778,4,ai_use_legal_regulatory_risk
14,Cigna Group,CI,0001739940,2025,35,3,0.085714,1,0.028571,3,0.085714,3,0.085714,25,0.714286,18,0.514286,68,1.942857,8,0.228571,62,1.771429,43,1.228571,5,privacy_data_law_protection,business_product_service_revenue,cybersecurity_attacks_security_threats,ai_cloud_platform_infrastructure,ai_use_legal_regulatory_risk,3,0.085714,1,0.028571,3,0.085714,3,0.085714,25,0.714286,31,0.885714,0.8,4,ai_use_legal_regulatory_risk
15,Cardinal Health,CAH,0000721371,2024,4,1,0.25,3,0.75,0,0.0,0,0.0,0,0.0,0,0.0,3,0.75,0,0.0,12,3.0,9,2.25,5,privacy_data_law_protection,business_product_service_revenue,cybersecurity_attacks_security_threats,ai_cloud_platform_infrastructure,ai_use_legal_regulatory_risk,1,0.25,3,0.75,0,0.0,0,0.0,0,0.0,1,0.25,0.25,1,business_product_service_revenue
15,Cardinal Health,CAH,0000721371,2025,3,1,0.333333,1,0.333333,1,0.333333,0,0.0,0,0.0,1,0.333333,6,2.0,0,0.0,10,3.333333,4,1.333333,5,privacy_data_law_protection,business_product_service_revenue,cybersecurity_attacks_security_threats,ai_cloud_platform_infrastructure,ai_use_legal_regulatory_risk,1,0.333333,1,0.333333,1,0.333333,0,0.0,0,0.0,2,0.666666,0.666667,0,privacy_data_law_protection
16,Nvidia,NVDA,0001045810,2023,86,8,0.093023,8,0.093023,0,0.0,61,0.709302,9,0.104651,25,0.290698,61,0.709302,17,0.197674,85,0.988372,186,2.162791,5,privacy_data_law_protection,business_product_service_revenue,cybersecurity_attacks_security_threats,ai_cloud_platform_infrastructure,ai_use_legal_regulatory_risk,8,0.093023,8,0.093023,0,0.0,61,0.709302,9,0.104651,17,0.197674,-0.511628,3,ai_cloud_platform_infrastructure
16,Nvidia,NVDA,0001045810,2024,111,15,0.135135,9,0.081081,3,0.027027,70,0.630631,14,0.126126,39,0.351351,78,0.702703,24,0.216216,111,1.0,204,1.837838,5,privacy_data_law_protection,business_product_service_revenue,cybersecurity_attacks_security_threats,ai_cloud_platform_infrastructure,ai_use_legal_regulatory_risk,15,0.135135,9,0.081081,3,0.027027,70,0.630631,14,0.126126,32,0.288288,-0.342342,3,ai_cloud_platform_infrastructure
16,Nvidia,NVDA,0001045810,2025,134,24,0.179104,13,0.097015,2,0.014925,73,0.544776,22,0.164179,58,0.432836,103,0.768657,27,0.201493,127,0.947761,236,1.761194,5,privacy_data_law_protection,business_product_service_revenue,cybersecurity_attacks_security_threats,ai_cloud_platform_infrastructure,ai_use_legal_regulatory_risk,24,0.179104,13,0.097015,2,0.014925,73,0.544776,22,0.164179,48,0.358208,-0.186567,3,ai_cloud_platform_infrastructure
17,Meta Platforms,META,0001326801,2023,53,10,0.188679,11,0.207547,0,0.0,9,0.169811,23,0.433962,26,0.490566,126,2.377358,46,0.867925,133,2.509434,49,0.924528,5,privacy_data_law_protection,business_product_service_revenue,cybersecurity_attacks_security_threats,ai_cloud_platform_infrastructure,ai_use_legal_regulatory_risk,10,0.188679,11,0.207547,0,0.0,9,0.169811,23,0.433962,33,0.622641,0.45283,4,ai_use_legal_regulatory_risk
17,Meta Platforms,META,0001326801,2024,69,14,0.202899,19,0.275362,0,0.0,12,0.173913,24,0.347826,30,0.434783,181,2.623188,69,1.0,197,2.855072,76,1.101449,5,privacy_data_law_protection,business_product_service_revenue,cybersecurity_attacks_security_threats,ai_cloud_platform_infrastructure,ai_use_legal_regulatory_risk,14,0.202899,19,0.275362,0,0.0,12,0.173913,24,0.347826,38,0.550725,0.376812,4,ai_use_legal_regulatory_risk
17,Meta Platforms,META,0001326801,2025,109,17,0.155963,28,0.256881,3,0.027523,24,0.220183,37,0.33945,38,0.348624,215,1.972477,79,0.724771,244,2.238532,123,1.12844,5,privacy_data_law_protection,business_product_service_revenue,cybersecurity_attacks_security_threats,ai_cloud_platform_infrastructure,ai_use_legal_regulatory_risk,17,0.155963,28,0.256881,3,0.027523,24,0.220183,37,0.33945,57,0.522936,0.302752,4,ai_use_legal_regulatory_risk
18,Elevance Health,ELV,0001156039,2023,2,1,0.5,0,0.0,0,0.0,1,0.5,0,0.0,3,1.5,4,2.0,0,0.0,6,3.0,5,2.5,5,privacy_data_law_protection,business_product_service_revenue,cybersecurity_attacks_security_threats,ai_cloud_platform_infrastructure,ai_use_legal_regulatory_risk,1,0.5,0,0.0,0,0.0,1,0.5,0,0.0,1,0.5,0.0,0,privacy_data_law_protection
18,Elevance Health,ELV,0001156039,2024,13,3,0.230769,0,0.0,2,0.153846,1,0.076923,7,0.538462,11,0.846154,55,4.230769,0,0.0,51,3.923077,14,1.076923,5,privacy_data_law_protection,business_product_service_revenue,cybersecurity_attacks_security_threats,ai_cloud_platform_infrastructure,ai_use_legal_regulatory_risk,3,0.230769,0,0.0,2,0.153846,1,0.076923,7,0.538462,12,0.923077,0.846154,4,ai_use_legal_regulatory_risk
18,Elevance Health,ELV,0001156039,2025,15,2,0.133333,0,0.0,2,0.133333,2,0.133333,9,0.6,11,0.733333,65,4.333333,0,0.0,58,3.866667,21,1.4,5,privacy_data_law_protection,business_product_service_revenue,cybersecurity_attacks_security_threats,ai_cloud_platform_infrastructure,ai_use_legal_regulatory_risk,2,0.133333,0,0.0,2,0.133333,2,0.133333,9,0.6,13,0.866666,0.733333,4,ai_use_legal_regulatory_risk
19,Centene,CNC,0001071739,2023,1,0,0.0,0,0.0,1,1.0,0,0.0,0,0.0,1,1.0,13,13.0,0,0.0,9,9.0,4,4.0,5,privacy_data_law_protection,business_product_service_revenue,cybersecurity_attacks_security_threats,ai_cloud_platform_infrastructure,ai_use_legal_regulatory_risk,0,0.0,0,0.0,1,1.0,0,0.0,0,0.0,1,1.0,1.0,2,cybersecurity_attacks_security_threats
19,Centene,CNC,0001071739,2024,15,4,0.266667,2,0.133333,3,0.2,0,0.0,6,0.4,11,0.733333,60,4.0,0,0.0,61,4.066667,9,0.6,5,privacy_data_law_protection,business_product_service_revenue,cybersecurity_attacks_security_threats,ai_cloud_platform_infrastructure,ai_use_legal_regulatory_risk,4,0.266667,2,0.133333,3,0.2,0,0.0,6,0.4,13,0.866667,0.866667,4,ai_use_legal_regulatory_risk
19,Centene,CNC,0001071739,2025,20,6,0.3,1,0.05,3,0.15,1,0.05,9,0.45,17,0.85,66,3.3,0,0.0,67,3.35,15,0.75,5,privacy_data_law_protection,business_product_service_revenue,cybersecurity_attacks_security_threats,ai_cloud_platform_infrastructure,ai_use_legal_regulatory_risk,6,0.3,1,0.05,3,0.15,1,0.05,9,0.45,18,0.9,0.85,4,ai_use_legal_regulatory_risk
20,Bank of America,BAC,0000070858,2023,11,5,0.454545,2,0.181818,4,0.363636,0,0.0,0,0.0,10,0.909091,43,3.909091,1,0.090909,40,3.636364,25,2.272727,5,privacy_data_law_protection,business_product_service_revenue,cybersecurity_attacks_security_threats,ai_cloud_platform_infrastructure,ai_use_legal_regulatory_risk,5,0.454545,2,0.181818,4,0.363636,0,0.0,0,0.0,9,0.818181,0.818182,0,privacy_data_law_protection
20,Bank of America,BAC,0000070858,2024,23,9,0.391304,7,0.304348,5,0.217391,0,0.0,2,0.086957,10,0.434783,97,4.217391,1,0.043478,61,2.652174,43,1.869565,5,privacy_data_law_protection,business_product_service_revenue,cybersecurity_attacks_security_threats,ai_cloud_platform_infrastructure,ai_use_legal_regulatory_risk,9,0.391304,7,0.304348,5,0.217391,0,0.0,2,0.086957,16,0.695652,0.695652,0,privacy_data_law_protection
20,Bank of America,BAC,0000070858,2025,30,14,0.466667,4,0.133333,5,0.166667,0,0.0,7,0.233333,11,0.366667,109,3.633333,1,0.033333,75,2.5,57,1.9,5,privacy_data_law_protection,business_product_service_revenue,cybersecurity_attacks_security_threats,ai_cloud_platform_infrastructure,ai_use_legal_regulatory_risk,14,0.466667,4,0.133333,5,0.166667,0,0.0,7,0.233333,26,0.866667,0.866667,0,privacy_data_law_protection
21,Chevron,CVX,0000093410,2023,2,0,0.0,1,0.5,0,0.0,1,0.5,0,0.0,3,1.5,1,0.5,0,0.0,3,1.5,1,0.5,5,privacy_data_law_protection,business_product_service_revenue,cybersecurity_attacks_security_threats,ai_cloud_platform_infrastructure,ai_use_legal_regulatory_risk,0,0.0,1,0.5,0,0.0,1,0.5,0,0.0,0,0.0,-0.5,1,business_product_service_revenue
21,Chevron,CVX,0000093410,2024,5,0,0.0,1,0.2,0,0.0,1,0.2,3,0.6,5,1.0,0,0.0,0,0.0,6,1.2,3,0.6,5,privacy_data_law_protection,business_product_service_revenue,cybersecurity_attacks_security_threats,ai_cloud_platform_infrastructure,ai_use_legal_regulatory_risk,0,0.0,1,0.2,0,0.0,1,0.2,3,0.6,3,0.6,0.4,4,ai_use_legal_regulatory_risk
21,Chevron,CVX,0000093410,2025,8,0,0.0,1,0.125,0,0.0,0,0.0,7,0.875,4,0.5,15,1.875,0,0.0,13,1.625,7,0.875,5,privacy_data_law_protection,business_product_service_revenue,cybersecurity_attacks_security_threats,ai_cloud_platform_infrastructure,ai_use_legal_regulatory_risk,0,0.0,1,0.125,0,0.0,0,0.0,7,0.875,7,0.875,0.875,4,ai_use_legal_regulatory_risk
22,Ford Motor,F,0000037996,2023,14,5,0.357143,8,0.571429,0,0.0,1,0.071429,0,0.0,14,1.0,17,1.214286,0,0.0,36,2.571429,8,0.571429,5,privacy_data_law_protection,business_product_service_revenue,cybersecurity_attacks_security_threats,ai_cloud_platform_infrastructure,ai_use_legal_regulatory_risk,5,0.357143,8,0.571429,0,0.0,1,0.071429,0,0.0,5,0.357143,0.285714,1,business_product_service_revenue
22,Ford Motor,F,0000037996,2024,15,5,0.333333,9,0.6,0,0.0,0,0.0,1,0.066667,14,0.933333,24,1.6,0,0.0,62,4.133333,7,0.466667,5,privacy_data_law_protection,business_product_service_revenue,cybersecurity_attacks_security_threats,ai_cloud_platform_infrastructure,ai_use_legal_regulatory_risk,5,0.333333,9,0.6,0,0.0,0,0.0,1,0.066667,6,0.4,0.4,1,business_product_service_revenue
22,Ford Motor,F,0000037996,2025,7,5,0.714286,1,0.142857,0,0.0,0,0.0,1,0.142857,10,1.428571,18,2.571429,0,0.0,43,6.142857,4,0.571429,5,privacy_data_law_protection,business_product_service_revenue,cybersecurity_attacks_security_threats,ai_cloud_platform_infrastructure,ai_use_legal_regulatory_risk,5,0.714286,1,0.142857,0,0.0,0,0.0,1,0.142857,6,0.857143,0.857143,0,privacy_data_law_protection
23,General Motors,GM,0001467858,2024,3,0,0.0,2,0.666667,1,0.333333,0,0.0,0,0.0,0,0.0,3,1.0,0,0.0,6,2.0,2,0.666667,5,privacy_data_law_protection,business_product_service_revenue,cybersecurity_attacks_security_threats,ai_cloud_platform_infrastructure,ai_use_legal_regulatory_risk,0,0.0,2,0.666667,1,0.333333,0,0.0,0,0.0,1,0.333333,0.333333,1,business_product_service_revenue
23,General Motors,GM,0001467858,2025,11,4,0.363636,2,0.181818,2,0.181818,2,0.181818,1,0.090909,4,0.363636,26,2.363636,0,0.0,47,4.272727,7,0.636364,5,privacy_data_law_protection,business_product_service_revenue,cybersecurity_attacks_security_threats,ai_cloud_platform_infrastructure,ai_use_legal_regulatory_risk,4,0.363636,2,0.181818,2,0.181818,2,0.181818,1,0.090909,7,0.636363,0.454545,0,privacy_data_law_protection
24,Citigroup,C,0000831001,2023,4,0,0.0,0,0.0,2,0.5,0,0.0,2,0.5,0,0.0,17,4.25,0,0.0,5,1.25,4,1.0,5,privacy_data_law_protection,business_product_service_revenue,cybersecurity_attacks_security_threats,ai_cloud_platform_infrastructure,ai_use_legal_regulatory_risk,0,0.0,0,0.0,2,0.5,0,0.0,2,0.5,4,1.0,1.0,2,cybersecurity_attacks_security_threats
24,Citigroup,C,0000831001,2024,13,0,0.0,4,0.307692,3,0.230769,1,0.076923,5,0.384615,5,0.384615,42,3.230769,6,0.461538,12,0.923077,25,1.923077,5,privacy_data_law_protection,business_product_service_revenue,cybersecurity_attacks_security_threats,ai_cloud_platform_infrastructure,ai_use_legal_regulatory_risk,0,0.0,4,0.307692,3,0.230769,1,0.076923,5,0.384615,8,0.615384,0.538462,4,ai_use_legal_regulatory_risk
24,Citigroup,C,0000831001,2025,24,2,0.083333,8,0.333333,5,0.208333,0,0.0,9,0.375,19,0.791667,77,3.208333,5,0.208333,33,1.375,39,1.625,5,privacy_data_law_protection,business_product_service_revenue,cybersecurity_attacks_security_threats,ai_cloud_platform_infrastructure,ai_use_legal_regulatory_risk,2,0.083333,8,0.333333,5,0.208333,0,0.0,9,0.375,16,0.666666,0.666667,4,ai_use_legal_regulatory_risk
25,Home Depot,HD,0000354950,2023,1,0,0.0,0,0.0,0,0.0,1,1.0,0,0.0,3,3.0,0,0.0,0,0.0,0,0.0,0,0.0,5,privacy_data_law_protection,business_product_service_revenue,cybersecurity_attacks_security_threats,ai_cloud_platform_infrastructure,ai_use_legal_regulatory_risk,0,0.0,0,0.0,0,0.0,1,1.0,0,0.0,0,0.0,-1.0,3,ai_cloud_platform_infrastructure
25,Home Depot,HD,0000354950,2024,4,1,0.25,3,0.75,0,0.0,0,0.0,0,0.0,4,1.0,7,1.75,0,0.0,14,3.5,13,3.25,5,privacy_data_law_protection,business_product_service_revenue,cybersecurity_attacks_security_threats,ai_cloud_platform_infrastructure,ai_use_legal_regulatory_risk,1,0.25,3,0.75,0,0.0,0,0.0,0,0.0,1,0.25,0.25,1,business_product_service_revenue
25,Home Depot,HD,0000354950,2025,5,2,0.4,2,0.4,0,0.0,0,0.0,1,0.2,5,1.0,8,1.6,0,0.0,18,3.6,15,3.0,5,privacy_data_law_protection,business_product_service_revenue,cybersecurity_attacks_security_threats,ai_cloud_platform_infrastructure,ai_use_legal_regulatory_risk,2,0.4,2,0.4,0,0.0,0,0.0,1,0.2,3,0.6,0.6,0,privacy_data_law_protection
26,Fannie Mae,FNMA,0000310522,2023,15,1,0.066667,3,0.2,2,0.133333,1,0.066667,8,0.533333,5,0.333333,58,3.866667,0,0.0,33,2.2,33,2.2,5,privacy_data_law_protection,business_product_service_revenue,cybersecurity_attacks_security_threats,ai_cloud_platform_infrastructure,ai_use_legal_regulatory_risk,1,0.066667,3,0.2,2,0.133333,1,0.066667,8,0.533333,11,0.733333,0.666667,4,ai_use_legal_regulatory_risk
26,Fannie Mae,FNMA,0000310522,2024,21,1,0.047619,5,0.238095,2,0.095238,1,0.047619,12,0.571429,12,0.571429,75,3.571429,0,0.0,44,2.095238,55,2.619048,5,privacy_data_law_protection,business_product_service_revenue,cybersecurity_attacks_security_threats,ai_cloud_platform_infrastructure,ai_use_legal_regulatory_risk,1,0.047619,5,0.238095,2,0.095238,1,0.047619,12,0.571429,15,0.714286,0.666667,4,ai_use_legal_regulatory_risk
26,Fannie Mae,FNMA,0000310522,2025,28,3,0.107143,2,0.071429,3,0.107143,4,0.142857,16,0.571429,16,0.571429,96,3.428571,0,0.0,54,1.928571,60,2.142857,5,privacy_data_law_protection,business_product_service_revenue,cybersecurity_attacks_security_threats,ai_cloud_platform_infrastructure,ai_use_legal_regulatory_risk,3,0.107143,2,0.071429,3,0.107143,4,0.142857,16,0.571429,22,0.785715,0.642857,4,ai_use_legal_regulatory_risk
27,Kroger,KR,0000056873,2024,1,0,0.0,0,0.0,1,1.0,0,0.0,0,0.0,0,0.0,2,2.0,0,0.0,2,2.0,0,0.0,5,privacy_data_law_protection,business_product_service_revenue,cybersecurity_attacks_security_threats,ai_cloud_platform_infrastructure,ai_use_legal_regulatory_risk,0,0.0,0,0.0,1,1.0,0,0.0,0,0.0,1,1.0,1.0,2,cybersecurity_attacks_security_threats
27,Kroger,KR,0000056873,2025,6,0,0.0,1,0.166667,2,0.333333,0,0.0,3,0.5,11,1.833333,26,4.333333,0,0.0,23,3.833333,9,1.5,5,privacy_data_law_protection,business_product_service_revenue,cybersecurity_attacks_security_threats,ai_cloud_platform_infrastructure,ai_use_legal_regulatory_risk,0,0.0,1,0.166667,2,0.333333,0,0.0,3,0.5,5,0.833333,0.833333,4,ai_use_legal_regulatory_risk
28,Verizon Communications,VZ,0000732712,2023,3,1,0.333333,1,0.333333,0,0.0,0,0.0,1,0.333333,0,0.0,5,1.666667,1,0.333333,7,2.333333,1,0.333333,5,privacy_data_law_protection,business_product_service_revenue,cybersecurity_attacks_security_threats,ai_cloud_platform_infrastructure,ai_use_legal_regulatory_risk,1,0.333333,1,0.333333,0,0.0,0,0.0,1,0.333333,2,0.666666,0.666667,0,privacy_data_law_protection
28,Verizon Communications,VZ,0000732712,2024,10,2,0.2,2,0.2,1,0.1,0,0.0,5,0.5,10,1.0,14,1.4,1,0.1,9,0.9,7,0.7,5,privacy_data_law_protection,business_product_service_revenue,cybersecurity_attacks_security_threats,ai_cloud_platform_infrastructure,ai_use_legal_regulatory_risk,2,0.2,2,0.2,1,0.1,0,0.0,5,0.5,8,0.8,0.8,4,ai_use_legal_regulatory_risk
28,Verizon Communications,VZ,0000732712,2025,18,2,0.111111,5,0.277778,1,0.055556,4,0.222222,6,0.333333,17,0.944444,24,1.333333,1,0.055556,21,1.166667,17,0.944444,5,privacy_data_law_protection,business_product_service_revenue,cybersecurity_attacks_security_threats,ai_cloud_platform_infrastructure,ai_use_legal_regulatory_risk,2,0.111111,5,0.277778,1,0.055556,4,0.222222,6,0.333333,9,0.5,0.277778,4,ai_use_legal_regulatory_risk
29,Phillips 66,PSX,0001534701,2024,2,0,0.0,1,0.5,1,0.5,0,0.0,0,0.0,5,2.5,6,3.0,0,0.0,8,4.0,2,1.0,5,privacy_data_law_protection,business_product_service_revenue,cybersecurity_attacks_security_threats,ai_cloud_platform_infrastructure,ai_use_legal_regulatory_risk,0,0.0,1,0.5,1,0.5,0,0.0,0,0.0,1,0.5,0.5,1,business_product_service_revenue
29,Phillips 66,PSX,0001534701,2025,2,0,0.0,1,0.5,1,0.5,0,0.0,0,0.0,5,2.5,6,3.0,0,0.0,8,4.0,2,1.0,5,privacy_data_law_protection,business_product_service_revenue,cybersecurity_attacks_security_threats,ai_cloud_platform_infrastructure,ai_use_legal_regulatory_risk,0,0.0,1,0.5,1,0.5,0,0.0,0,0.0,1,0.5,0.5,1,business_product_service_revenue
30,Marathon Petroleum,MPC,0001510295,2023,2,0,0.0,1,0.5,1,0.5,0,0.0,0,0.0,2,1.0,3,1.5,0,0.0,5,2.5,5,2.5,5,privacy_data_law_protection,business_product_service_revenue,cybersecurity_attacks_security_threats,ai_cloud_platform_infrastructure,ai_use_legal_regulatory_risk,0,0.0,1,0.5,1,0.5,0,0.0,0,0.0,1,0.5,0.5,1,business_product_service_revenue
30,Marathon Petroleum,MPC,0001510295,2024,5,0,0.0,0,0.0,1,0.2,0,0.0,4,0.8,2,0.4,12,2.4,2,0.4,9,1.8,5,1.0,5,privacy_data_law_protection,business_product_service_revenue,cybersecurity_attacks_security_threats,ai_cloud_platform_infrastructure,ai_use_legal_regulatory_risk,0,0.0,0,0.0,1,0.2,0,0.0,4,0.8,5,1.0,1.0,4,ai_use_legal_regulatory_risk
30,Marathon Petroleum,MPC,0001510295,2025,5,0,0.0,0,0.0,1,0.2,0,0.0,4,0.8,2,0.4,12,2.4,2,0.4,9,1.8,6,1.2,5,privacy_data_law_protection,business_product_service_revenue,cybersecurity_attacks_security_threats,ai_cloud_platform_infrastructure,ai_use_legal_regulatory_risk,0,0.0,0,0.0,1,0.2,0,0.0,4,0.8,5,1.0,1.0,4,ai_use_legal_regulatory_risk
33,Freddie Mac,FMCC,0001026214,2023,15,2,0.133333,2,0.133333,2,0.133333,0,0.0,9,0.6,3,0.2,62,4.133333,6,0.4,40,2.666667,11,0.733333,5,privacy_data_law_protection,business_product_service_revenue,cybersecurity_attacks_security_threats,ai_cloud_platform_infrastructure,ai_use_legal_regulatory_risk,2,0.133333,2,0.133333,2,0.133333,0,0.0,9,0.6,13,0.866666,0.866667,4,ai_use_legal_regulatory_risk
33,Freddie Mac,FMCC,0001026214,2024,18,3,0.166667,2,0.111111,2,0.111111,0,0.0,11,0.611111,6,0.333333,80,4.444444,5,0.277778,46,2.555556,17,0.944444,5,privacy_data_law_protection,business_product_service_revenue,cybersecurity_attacks_security_threats,ai_cloud_platform_infrastructure,ai_use_legal_regulatory_risk,3,0.166667,2,0.111111,2,0.111111,0,0.0,11,0.611111,16,0.888889,0.888889,4,ai_use_legal_regulatory_risk
33,Freddie Mac,FMCC,0001026214,2025,19,2,0.105263,3,0.157895,2,0.105263,1,0.052632,11,0.578947,4,0.210526,65,3.421053,4,0.210526,48,2.526316,11,0.578947,5,privacy_data_law_protection,business_product_service_revenue,cybersecurity_attacks_security_threats,ai_cloud_platform_infrastructure,ai_use_legal_regulatory_risk,2,0.105263,3,0.157895,2,0.105263,1,0.052632,11,0.578947,15,0.789473,0.736842,4,ai_use_legal_regulatory_risk
34,Humana,HUM,0000049071,2024,3,0,0.0,0,0.0,1,0.333333,0,0.0,2,0.666667,4,1.333333,14,4.666667,0,0.0,19,6.333333,18,6.0,5,privacy_data_law_protection,business_product_service_revenue,cybersecurity_attacks_security_threats,ai_cloud_platform_infrastructure,ai_use_legal_regulatory_risk,0,0.0,0,0.0,1,0.333333,0,0.0,2,0.666667,3,1.0,1.0,4,ai_use_legal_regulatory_risk
34,Humana,HUM,0000049071,2025,6,2,0.333333,0,0.0,1,0.166667,0,0.0,3,0.5,7,1.166667,15,2.5,0,0.0,25,4.166667,22,3.666667,5,privacy_data_law_protection,business_product_service_revenue,cybersecurity_attacks_security_threats,ai_cloud_platform_infrastructure,ai_use_legal_regulatory_risk,2,0.333333,0,0.0,1,0.166667,0,0.0,3,0.5,6,1.0,1.0,4,ai_use_legal_regulatory_risk
35,AT&T,T,0000732717,2023,5,0,0.0,2,0.4,1,0.2,0,0.0,2,0.4,8,1.6,9,1.8,0,0.0,11,2.2,4,0.8,5,privacy_data_law_protection,business_product_service_revenue,cybersecurity_attacks_security_threats,ai_cloud_platform_infrastructure,ai_use_legal_regulatory_risk,0,0.0,2,0.4,1,0.2,0,0.0,2,0.4,3,0.6,0.6,1,business_product_service_revenue
35,AT&T,T,0000732717,2024,7,0,0.0,2,0.285714,1,0.142857,2,0.285714,2,0.285714,9,1.285714,17,2.428571,7,1.0,11,1.571429,7,1.0,5,privacy_data_law_protection,business_product_service_revenue,cybersecurity_attacks_security_threats,ai_cloud_platform_infrastructure,ai_use_legal_regulatory_risk,0,0.0,2,0.285714,1,0.142857,2,0.285714,2,0.285714,3,0.428571,0.142857,1,business_product_service_revenue
35,AT&T,T,0000732717,2025,14,1,0.071429,4,0.285714,1,0.071429,4,0.285714,4,0.285714,16,1.142857,26,1.857143,11,0.785714,24,1.714286,11,0.785714,5,privacy_data_law_protection,business_product_service_revenue,cybersecurity_attacks_security_threats,ai_cloud_platform_infrastructure,ai_use_legal_regulatory_risk,1,0.071429,4,0.285714,1,0.071429,4,0.285714,4,0.285714,6,0.428572,0.142857,1,business_product_service_revenue
36,Goldman Sachs Group,GS,0000886982,2023,19,3,0.157895,1,0.052632,6,0.315789,0,0.0,9,0.473684,6,0.315789,53,2.789474,1,0.052632,22,1.157895,33,1.736842,5,privacy_data_law_protection,business_product_service_revenue,cybersecurity_attacks_security_threats,ai_cloud_platform_infrastructure,ai_use_legal_regulatory_risk,3,0.157895,1,0.052632,6,0.315789,0,0.0,9,0.473684,18,0.947368,0.947368,4,ai_use_legal_regulatory_risk
36,Goldman Sachs Group,GS,0000886982,2024,32,9,0.28125,5,0.15625,5,0.15625,0,0.0,13,0.40625,24,0.75,87,2.71875,1,0.03125,45,1.40625,43,1.34375,5,privacy_data_law_protection,business_product_service_revenue,cybersecurity_attacks_security_threats,ai_cloud_platform_infrastructure,ai_use_legal_regulatory_risk,9,0.28125,5,0.15625,5,0.15625,0,0.0,13,0.40625,27,0.84375,0.84375,4,ai_use_legal_regulatory_risk
36,Goldman Sachs Group,GS,0000886982,2025,38,7,0.184211,9,0.236842,4,0.105263,0,0.0,18,0.473684,28,0.736842,85,2.236842,1,0.026316,37,0.973684,40,1.052632,5,privacy_data_law_protection,business_product_service_revenue,cybersecurity_attacks_security_threats,ai_cloud_platform_infrastructure,ai_use_legal_regulatory_risk,7,0.184211,9,0.236842,4,0.105263,0,0.0,18,0.473684,29,0.763158,0.763158,4,ai_use_legal_regulatory_risk
37,Comcast,CMCSA,0001166691,2023,5,0,0.0,2,0.4,1,0.2,1,0.2,1,0.2,4,0.8,8,1.6,8,1.6,3,0.6,2,0.4,5,privacy_data_law_protection,business_product_service_revenue,cybersecurity_attacks_security_threats,ai_cloud_platform_infrastructure,ai_use_legal_regulatory_risk,0,0.0,2,0.4,1,0.2,1,0.2,1,0.2,2,0.4,0.2,1,business_product_service_revenue
37,Comcast,CMCSA,0001166691,2024,8,1,0.125,3,0.375,1,0.125,1,0.125,2,0.25,4,0.5,9,1.125,8,1.0,3,0.375,2,0.25,5,privacy_data_law_protection,business_product_service_revenue,cybersecurity_attacks_security_threats,ai_cloud_platform_infrastructure,ai_use_legal_regulatory_risk,1,0.125,3,0.375,1,0.125,1,0.125,2,0.25,4,0.5,0.375,1,business_product_service_revenue
37,Comcast,CMCSA,0001166691,2025,10,3,0.3,3,0.3,1,0.1,1,0.1,2,0.2,5,0.5,17,1.7,17,1.7,4,0.4,2,0.2,5,privacy_data_law_protection,business_product_service_revenue,cybersecurity_attacks_security_threats,ai_cloud_platform_infrastructure,ai_use_legal_regulatory_risk,3,0.3,3,0.3,1,0.1,1,0.1,2,0.2,6,0.6,0.5,0,privacy_data_law_protection
38,Wells Fargo,WFC,0000072971,2025,1,0,0.0,1,1.0,0,0.0,0,0.0,0,0.0,0,0.0,0,0.0,0,0.0,0,0.0,0,0.0,5,privacy_data_law_protection,business_product_service_revenue,cybersecurity_attacks_security_threats,ai_cloud_platform_infrastructure,ai_use_legal_regulatory_risk,0,0.0,1,1.0,0,0.0,0,0.0,0,0.0,0,0.0,0.0,1,business_product_service_revenue
39,Morgan Stanley,MS,0000895421,2023,5,0,0.0,2,0.4,3,0.6,0,0.0,0,0.0,0,0.0,11,2.2,0,0.0,12,2.4,11,2.2,5,privacy_data_law_protection,business_product_service_revenue,cybersecurity_attacks_security_threats,ai_cloud_platform_infrastructure,ai_use_legal_regulatory_risk,0,0.0,2,0.4,3,0.6,0,0.0,0,0.0,3,0.6,0.6,2,cybersecurity_attacks_security_threats
39,Morgan Stanley,MS,0000895421,2024,5,1,0.2,2,0.4,2,0.4,0,0.0,0,0.0,1,0.2,10,2.0,0,0.0,14,2.8,11,2.2,5,privacy_data_law_protection,business_product_service_revenue,cybersecurity_attacks_security_threats,ai_cloud_platform_infrastructure,ai_use_legal_regulatory_risk,1,0.2,2,0.4,2,0.4,0,0.0,0,0.0,3,0.6,0.6,1,business_product_service_revenue
39,Morgan Stanley,MS,0000895421,2025,11,3,0.272727,4,0.363636,4,0.363636,0,0.0,0,0.0,5,0.454545,33,3.0,0,0.0,35,3.181818,20,1.818182,5,privacy_data_law_protection,business_product_service_revenue,cybersecurity_attacks_security_threats,ai_cloud_platform_infrastructure,ai_use_legal_regulatory_risk,3,0.272727,4,0.363636,4,0.363636,0,0.0,0,0.0,7,0.636363,0.636364,1,business_product_service_revenue
40,Valero Energy,VLO,0001035002,2023,1,0,0.0,1,1.0,0,0.0,0,0.0,0,0.0,1,1.0,1,1.0,2,2.0,1,1.0,3,3.0,5,privacy_data_law_protection,business_product_service_revenue,cybersecurity_attacks_security_threats,ai_cloud_platform_infrastructure,ai_use_legal_regulatory_risk,0,0.0,1,1.0,0,0.0,0,0.0,0,0.0,0,0.0,0.0,1,business_product_service_revenue
40,Valero Energy,VLO,0001035002,2024,3,0,0.0,1,0.333333,2,0.666667,0,0.0,0,0.0,2,0.666667,5,1.666667,1,0.333333,7,2.333333,6,2.0,5,privacy_data_law_protection,business_product_service_revenue,cybersecurity_attacks_security_threats,ai_cloud_platform_infrastructure,ai_use_legal_regulatory_risk,0,0.0,1,0.333333,2,0.666667,0,0.0,0,0.0,2,0.666667,0.666667,2,cybersecurity_attacks_security_threats
40,Valero Energy,VLO,0001035002,2025,6,1,0.166667,1,0.166667,4,0.666667,0,0.0,0,0.0,4,0.666667,14,2.333333,0,0.0,16,2.666667,13,2.166667,5,privacy_data_law_protection,business_product_service_revenue,cybersecurity_attacks_security_threats,ai_cloud_platform_infrastructure,ai_use_legal_regulatory_risk,1,0.166667,1,0.166667,4,0.666667,0,0.0,0,0.0,5,0.833334,0.833333,2,cybersecurity_attacks_security_threats
41,Dell Technologies,DELL,0001571996,2023,11,0,0.0,2,0.181818,0,0.0,8,0.727273,1,0.090909,7,0.636364,6,0.545455,1,0.090909,16,1.454545,12,1.090909,5,privacy_data_law_protection,business_product_service_revenue,cybersecurity_attacks_security_threats,ai_cloud_platform_infrastructure,ai_use_legal_regulatory_risk,0,0.0,2,0.181818,0,0.0,8,0.727273,1,0.090909,1,0.090909,-0.636364,3,ai_cloud_platform_infrastructure
41,Dell Technologies,DELL,0001571996,2024,26,0,0.0,9,0.346154,0,0.0,12,0.461538,5,0.192308,13,0.5,35,1.346154,1,0.038462,17,0.653846,22,0.846154,5,privacy_data_law_protection,business_product_service_revenue,cybersecurity_attacks_security_threats,ai_cloud_platform_infrastructure,ai_use_legal_regulatory_risk,0,0.0,9,0.346154,0,0.0,12,0.461538,5,0.192308,5,0.192308,-0.269231,3,ai_cloud_platform_infrastructure
41,Dell Technologies,DELL,0001571996,2025,59,1,0.016949,34,0.576271,2,0.033898,12,0.20339,10,0.169492,50,0.847458,74,1.254237,3,0.050847,54,0.915254,44,0.745763,5,privacy_data_law_protection,business_product_service_revenue,cybersecurity_attacks_security_threats,ai_cloud_platform_infrastructure,ai_use_legal_regulatory_risk,1,0.016949,34,0.576271,2,0.033898,12,0.20339,10,0.169492,13,0.220339,0.016949,1,business_product_service_revenue
42,Target,TGT,0000027419,2023,1,0,0.0,1,1.0,0,0.0,0,0.0,0,0.0,5,5.0,0,0.0,0,0.0,0,0.0,2,2.0,5,privacy_data_law_protection,business_product_service_revenue,cybersecurity_attacks_security_threats,ai_cloud_platform_infrastructure,ai_use_legal_regulatory_risk,0,0.0,1,1.0,0,0.0,0,0.0,0,0.0,0,0.0,0.0,1,business_product_service_revenue
42,Target,TGT,0000027419,2024,4,1,0.25,2,0.5,1,0.25,0,0.0,0,0.0,3,0.75,11,2.75,2,0.5,10,2.5,1,0.25,5,privacy_data_law_protection,business_product_service_revenue,cybersecurity_attacks_security_threats,ai_cloud_platform_infrastructure,ai_use_legal_regulatory_risk,1,0.25,2,0.5,1,0.25,0,0.0,0,0.0,2,0.5,0.5,1,business_product_service_revenue
42,Target,TGT,0000027419,2025,9,1,0.111111,3,0.333333,1,0.111111,0,0.0,4,0.444444,3,0.333333,12,1.333333,3,0.333333,7,0.777778,3,0.333333,5,privacy_data_law_protection,business_product_service_revenue,cybersecurity_attacks_security_threats,ai_cloud_platform_infrastructure,ai_use_legal_regulatory_risk,1,0.111111,3,0.333333,1,0.111111,0,0.0,4,0.444444,6,0.666666,0.666667,4,ai_use_legal_regulatory_risk
43,Tesla,TSLA,0001318605,2023,12,0,0.0,10,0.833333,0,0.0,2,0.166667,0,0.0,12,1.0,1,0.083333,2,0.166667,3,0.25,8,0.666667,5,privacy_data_law_protection,business_product_service_revenue,cybersecurity_attacks_security_threats,ai_cloud_platform_infrastructure,ai_use_legal_regulatory_risk,0,0.0,10,0.833333,0,0.0,2,0.166667,0,0.0,0,0.0,-0.166667,1,business_product_service_revenue
43,Tesla,TSLA,0001318605,2024,23,2,0.086957,17,0.73913,1,0.043478,3,0.130435,0,0.0,20,0.869565,12,0.521739,2,0.086957,20,0.869565,18,0.782609,5,privacy_data_law_protection,business_product_service_revenue,cybersecurity_attacks_security_threats,ai_cloud_platform_infrastructure,ai_use_legal_regulatory_risk,2,0.086957,17,0.73913,1,0.043478,3,0.130435,0,0.0,3,0.130435,0.0,1,business_product_service_revenue
43,Tesla,TSLA,0001318605,2025,48,1,0.020833,27,0.5625,1,0.020833,19,0.395833,0,0.0,37,0.770833,16,0.333333,16,0.333333,27,0.5625,58,1.208333,5,privacy_data_law_protection,business_product_service_revenue,cybersecurity_attacks_security_threats,ai_cloud_platform_infrastructure,ai_use_legal_regulatory_risk,1,0.020833,27,0.5625,1,0.020833,19,0.395833,0,0.0,2,0.041666,-0.354167,1,business_product_service_revenue
44,Walt Disney,DIS,0001744489,2023,3,0,0.0,1,0.333333,0,0.0,0,0.0,2,0.666667,1,0.333333,10,3.333333,2,0.666667,1,0.333333,2,0.666667,5,privacy_data_law_protection,business_product_service_revenue,cybersecurity_attacks_security_threats,ai_cloud_platform_infrastructure,ai_use_legal_regulatory_risk,0,0.0,1,0.333333,0,0.0,0,0.0,2,0.666667,2,0.666667,0.666667,4,ai_use_legal_regulatory_risk
44,Walt Disney,DIS,0001744489,2024,7,1,0.142857,2,0.285714,1,0.142857,0,0.0,3,0.428571,3,0.428571,20,2.857143,11,1.571429,5,0.714286,4,0.571429,5,privacy_data_law_protection,business_product_service_revenue,cybersecurity_attacks_security_threats,ai_cloud_platform_infrastructure,ai_use_legal_regulatory_risk,1,0.142857,2,0.285714,1,0.142857,0,0.0,3,0.428571,5,0.714285,0.714286,4,ai_use_legal_regulatory_risk
44,Walt Disney,DIS,0001744489,2025,7,1,0.142857,2,0.285714,1,0.142857,0,0.0,3,0.428571,4,0.571429,18,2.571429,5,0.714286,6,0.857143,4,0.571429,5,privacy_data_law_protection,business_product_service_revenue,cybersecurity_attacks_security_threats,ai_cloud_platform_infrastructure,ai_use_legal_regulatory_risk,1,0.142857,2,0.285714,1,0.142857,0,0.0,3,0.428571,5,0.714285,0.714286,4,ai_use_legal_regulatory_risk
45,Johnson & Johnson,JNJ,0000200406,2023,7,1,0.142857,1,0.142857,1,0.142857,0,0.0,4,0.571429,4,0.571429,18,2.571429,0,0.0,19,2.714286,0,0.0,5,privacy_data_law_protection,business_product_service_revenue,cybersecurity_attacks_security_threats,ai_cloud_platform_infrastructure,ai_use_legal_regulatory_risk,1,0.142857,1,0.142857,1,0.142857,0,0.0,4,0.571429,6,0.857143,0.857143,4,ai_use_legal_regulatory_risk
45,Johnson & Johnson,JNJ,0000200406,2024,6,1,0.166667,0,0.0,1,0.166667,0,0.0,4,0.666667,3,0.5,18,3.0,0,0.0,19,3.166667,0,0.0,5,privacy_data_law_protection,business_product_service_revenue,cybersecurity_attacks_security_threats,ai_cloud_platform_infrastructure,ai_use_legal_regulatory_risk,1,0.166667,0,0.0,1,0.166667,0,0.0,4,0.666667,6,1.000001,1.0,4,ai_use_legal_regulatory_risk
45,Johnson & Johnson,JNJ,0000200406,2025,6,1,0.166667,0,0.0,1,0.166667,0,0.0,4,0.666667,3,0.5,18,3.0,0,0.0,19,3.166667,0,0.0,5,privacy_data_law_protection,business_product_service_revenue,cybersecurity_attacks_security_threats,ai_cloud_platform_infrastructure,ai_use_legal_regulatory_risk,1,0.166667,0,0.0,1,0.166667,0,0.0,4,0.666667,6,1.000001,1.0,4,ai_use_legal_regulatory_risk
46,PepsiCo,PEP,0000077476,2023,8,1,0.125,5,0.625,2,0.25,0,0.0,0,0.0,11,1.375,10,1.25,1,0.125,11,1.375,8,1.0,5,privacy_data_law_protection,business_product_service_revenue,cybersecurity_attacks_security_threats,ai_cloud_platform_infrastructure,ai_use_legal_regulatory_risk,1,0.125,5,0.625,2,0.25,0,0.0,0,0.0,3,0.375,0.375,1,business_product_service_revenue
46,PepsiCo,PEP,0000077476,2024,13,2,0.153846,8,0.615385,2,0.153846,0,0.0,1,0.076923,17,1.307692,14,1.076923,2,0.153846,13,1.0,10,0.769231,5,privacy_data_law_protection,business_product_service_revenue,cybersecurity_attacks_security_threats,ai_cloud_platform_infrastructure,ai_use_legal_regulatory_risk,2,0.153846,8,0.615385,2,0.153846,0,0.0,1,0.076923,5,0.384615,0.384615,1,business_product_service_revenue
46,PepsiCo,PEP,0000077476,2025,17,4,0.235294,8,0.470588,2,0.117647,2,0.117647,1,0.058824,14,0.823529,23,1.352941,2,0.117647,31,1.823529,16,0.941176,5,privacy_data_law_protection,business_product_service_revenue,cybersecurity_attacks_security_threats,ai_cloud_platform_infrastructure,ai_use_legal_regulatory_risk,4,0.235294,8,0.470588,2,0.117647,2,0.117647,1,0.058824,7,0.411765,0.294118,1,business_product_service_revenue
47,Boeing,BA,0000012927,2023,1,0,0.0,0,0.0,1,1.0,0,0.0,0,0.0,1,1.0,3,3.0,0,0.0,2,2.0,1,1.0,5,privacy_data_law_protection,business_product_service_revenue,cybersecurity_attacks_security_threats,ai_cloud_platform_infrastructure,ai_use_legal_regulatory_risk,0,0.0,0,0.0,1,1.0,0,0.0,0,0.0,1,1.0,1.0,2,cybersecurity_attacks_security_threats
47,Boeing,BA,0000012927,2024,1,0,0.0,0,0.0,1,1.0,0,0.0,0,0.0,1,1.0,3,3.0,0,0.0,2,2.0,1,1.0,5,privacy_data_law_protection,business_product_service_revenue,cybersecurity_attacks_security_threats,ai_cloud_platform_infrastructure,ai_use_legal_regulatory_risk,0,0.0,0,0.0,1,1.0,0,0.0,0,0.0,1,1.0,1.0,2,cybersecurity_attacks_security_threats
47,Boeing,BA,0000012927,2025,1,0,0.0,0,0.0,1,1.0,0,0.0,0,0.0,1,1.0,3,3.0,0,0.0,2,2.0,1,1.0,5,privacy_data_law_protection,business_product_service_revenue,cybersecurity_attacks_security_threats,ai_cloud_platform_infrastructure,ai_use_legal_regulatory_risk,0,0.0,0,0.0,1,1.0,0,0.0,0,0.0,1,1.0,1.0,2,cybersecurity_attacks_security_threats
48,UPS,UPS,0001090727,2023,4,0,0.0,3,0.75,1,0.25,0,0.0,0,0.0,4,1.0,3,0.75,0,0.0,4,1.0,0,0.0,5,privacy_data_law_protection,business_product_service_revenue,cybersecurity_attacks_security_threats,ai_cloud_platform_infrastructure,ai_use_legal_regulatory_risk,0,0.0,3,0.75,1,0.25,0,0.0,0,0.0,1,0.25,0.25,1,business_product_service_revenue
48,UPS,UPS,0001090727,2024,5,0,0.0,4,0.8,1,0.2,0,0.0,0,0.0,7,1.4,3,0.6,0,0.0,4,0.8,0,0.0,5,privacy_data_law_protection,business_product_service_revenue,cybersecurity_attacks_security_threats,ai_cloud_platform_infrastructure,ai_use_legal_regulatory_risk,0,0.0,4,0.8,1,0.2,0,0.0,0,0.0,1,0.2,0.2,1,business_product_service_revenue
48,UPS,UPS,0001090727,2025,12,0,0.0,3,0.25,6,0.5,3,0.25,0,0.0,19,1.583333,12,1.0,0,0.0,34,2.833333,3,0.25,5,privacy_data_law_protection,business_product_service_revenue,cybersecurity_attacks_security_threats,ai_cloud_platform_infrastructure,ai_use_legal_regulatory_risk,0,0.0,3,0.25,6,0.5,3,0.25,0,0.0,6,0.5,0.25,2,cybersecurity_attacks_security_threats
49,RTX,RTX,0000101829,2023,4,0,0.0,3,0.75,1,0.25,0,0.0,0,0.0,3,0.75,5,1.25,0,0.0,3,0.75,3,0.75,5,privacy_data_law_protection,business_product_service_revenue,cybersecurity_attacks_security_threats,ai_cloud_platform_infrastructure,ai_use_legal_regulatory_risk,0,0.0,3,0.75,1,0.25,0,0.0,0,0.0,1,0.25,0.25,1,business_product_service_revenue
49,RTX,RTX,0000101829,2024,10,2,0.2,4,0.4,1,0.1,0,0.0,3,0.3,14,1.4,18,1.8,0,0.0,10,1.0,15,1.5,5,privacy_data_law_protection,business_product_service_revenue,cybersecurity_attacks_security_threats,ai_cloud_platform_infrastructure,ai_use_legal_regulatory_risk,2,0.2,4,0.4,1,0.1,0,0.0,3,0.3,6,0.6,0.6,1,business_product_service_revenue
49,RTX,RTX,0000101829,2025,9,2,0.222222,3,0.333333,1,0.111111,0,0.0,3,0.333333,5,0.555556,13,1.444444,0,0.0,10,1.111111,9,1.0,5,privacy_data_law_protection,business_product_service_revenue,cybersecurity_attacks_security_threats,ai_cloud_platform_infrastructure,ai_use_legal_regulatory_risk,2,0.222222,3,0.333333,1,0.111111,0,0.0,3,0.333333,6,0.666666,0.666667,1,business_product_service_revenue
50,FedEx,FDX,0001048911,2023,8,3,0.375,2,0.25,0,0.0,3,0.375,0,0.0,7,0.875,10,1.25,0,0.0,16,2.0,10,1.25,5,privacy_data_law_protection,business_product_service_revenue,cybersecurity_attacks_security_threats,ai_cloud_platform_infrastructure,ai_use_legal_regulatory_risk,3,0.375,2,0.25,0,0.0,3,0.375,0,0.0,3,0.375,0.0,0,privacy_data_law_protection
50,FedEx,FDX,0001048911,2024,19,7,0.368421,4,0.210526,3,0.157895,5,0.263158,0,0.0,15,0.789474,29,1.526316,0,0.0,47,2.473684,22,1.157895,5,privacy_data_law_protection,business_product_service_revenue,cybersecurity_attacks_security_threats,ai_cloud_platform_infrastructure,ai_use_legal_regulatory_risk,7,0.368421,4,0.210526,3,0.157895,5,0.263158,0,0.0,10,0.526316,0.263158,0,privacy_data_law_protection
50,FedEx,FDX,0001048911,2025,19,7,0.368421,5,0.263158,3,0.157895,4,0.210526,0,0.0,17,0.894737,28,1.473684,0,0.0,48,2.526316,21,1.105263,5,privacy_data_law_protection,business_product_service_revenue,cybersecurity_attacks_security_threats,ai_cloud_platform_infrastructure,ai_use_legal_regulatory_risk,7,0.368421,5,0.263158,3,0.157895,4,0.210526,0,0.0,10,0.526316,0.315789,0,privacy_data_law_protection
51,Progressive,PGR,0000080661,2023,17,6,0.352941,1,0.058824,0,0.0,0,0.0,10,0.588235,1,0.058824,4,0.235294,0,0.0,7,0.411765,16,0.941176,5,privacy_data_law_protection,business_product_service_revenue,cybersecurity_attacks_security_threats,ai_cloud_platform_infrastructure,ai_use_legal_regulatory_risk,6,0.352941,1,0.058824,0,0.0,0,0.0,10,0.588235,16,0.941176,0.941176,4,ai_use_legal_regulatory_risk
51,Progressive,PGR,0000080661,2024,17,2,0.117647,0,0.0,0,0.0,0,0.0,15,0.882353,2,0.117647,5,0.294118,0,0.0,4,0.235294,13,0.764706,5,privacy_data_law_protection,business_product_service_revenue,cybersecurity_attacks_security_threats,ai_cloud_platform_infrastructure,ai_use_legal_regulatory_risk,2,0.117647,0,0.0,0,0.0,0,0.0,15,0.882353,17,1.0,1.0,4,ai_use_legal_regulatory_risk
51,Progressive,PGR,0000080661,2025,18,2,0.111111,0,0.0,1,0.055556,0,0.0,15,0.833333,6,0.333333,11,0.611111,0,0.0,10,0.555556,17,0.944444,5,privacy_data_law_protection,business_product_service_revenue,cybersecurity_attacks_security_threats,ai_cloud_platform_infrastructure,ai_use_legal_regulatory_risk,2,0.111111,0,0.0,1,0.055556,0,0.0,15,0.833333,18,1.0,1.0,4,ai_use_legal_regulatory_risk
52,Lowe's,LOW,0000060667,2024,3,0,0.0,2,0.666667,1,0.333333,0,0.0,0,0.0,0,0.0,6,2.0,0,0.0,7,2.333333,2,0.666667,5,privacy_data_law_protection,business_product_service_revenue,cybersecurity_attacks_security_threats,ai_cloud_platform_infrastructure,ai_use_legal_regulatory_risk,0,0.0,2,0.666667,1,0.333333,0,0.0,0,0.0,1,0.333333,0.333333,1,business_product_service_revenue
52,Lowe's,LOW,0000060667,2025,13,0,0.0,2,0.153846,3,0.230769,3,0.230769,5,0.384615,5,0.384615,41,3.153846,0,0.0,29,2.230769,10,0.769231,5,privacy_data_law_protection,business_product_service_revenue,cybersecurity_attacks_security_threats,ai_cloud_platform_infrastructure,ai_use_legal_regulatory_risk,0,0.0,2,0.153846,3,0.230769,3,0.230769,5,0.384615,8,0.615384,0.384615,4,ai_use_legal_regulatory_risk
53,Energy Transfer,ET,0001276187,2023,1,0,0.0,0,0.0,1,1.0,0,0.0,0,0.0,0,0.0,2,2.0,2,2.0,4,4.0,1,1.0,5,privacy_data_law_protection,business_product_service_revenue,cybersecurity_attacks_security_threats,ai_cloud_platform_infrastructure,ai_use_legal_regulatory_risk,0,0.0,0,0.0,1,1.0,0,0.0,0,0.0,1,1.0,1.0,2,cybersecurity_attacks_security_threats
53,Energy Transfer,ET,0001276187,2024,1,0,0.0,0,0.0,1,1.0,0,0.0,0,0.0,0,0.0,5,5.0,2,2.0,7,7.0,2,2.0,5,privacy_data_law_protection,business_product_service_revenue,cybersecurity_attacks_security_threats,ai_cloud_platform_infrastructure,ai_use_legal_regulatory_risk,0,0.0,0,0.0,1,1.0,0,0.0,0,0.0,1,1.0,1.0,2,cybersecurity_attacks_security_threats
53,Energy Transfer,ET,0001276187,2025,1,0,0.0,0,0.0,1,1.0,0,0.0,0,0.0,0,0.0,5,5.0,2,2.0,7,7.0,2,2.0,5,privacy_data_law_protection,business_product_service_revenue,cybersecurity_attacks_security_threats,ai_cloud_platform_infrastructure,ai_use_legal_regulatory_risk,0,0.0,0,0.0,1,1.0,0,0.0,0,0.0,1,1.0,1.0,2,cybersecurity_attacks_security_threats
54,Procter & Gamble,PG,0000080424,2024,5,4,0.8,0,0.0,1,0.2,0,0.0,0,0.0,9,1.8,27,5.4,2,0.4,21,4.2,12,2.4,5,privacy_data_law_protection,business_product_service_revenue,cybersecurity_attacks_security_threats,ai_cloud_platform_infrastructure,ai_use_legal_regulatory_risk,4,0.8,0,0.0,1,0.2,0,0.0,0,0.0,5,1.0,1.0,0,privacy_data_law_protection
54,Procter & Gamble,PG,0000080424,2025,6,4,0.666667,1,0.166667,1,0.166667,0,0.0,0,0.0,9,1.5,26,4.333333,2,0.333333,22,3.666667,13,2.166667,5,privacy_data_law_protection,business_product_service_revenue,cybersecurity_attacks_security_threats,ai_cloud_platform_infrastructure,ai_use_legal_regulatory_risk,4,0.666667,1,0.166667,1,0.166667,0,0.0,0,0.0,5,0.833334,0.833333,0,privacy_data_law_protection
55,Sysco,SYY,0000096021,2023,2,0,0.0,0,0.0,0,0.0,1,0.5,1,0.5,0,0.0,1,0.5,0,0.0,2,1.0,3,1.5,5,privacy_data_law_protection,business_product_service_revenue,cybersecurity_attacks_security_threats,ai_cloud_platform_infrastructure,ai_use_legal_regulatory_risk,0,0.0,0,0.0,0,0.0,1,0.5,1,0.5,1,0.5,0.0,3,ai_cloud_platform_infrastructure
55,Sysco,SYY,0000096021,2024,11,1,0.090909,3,0.272727,2,0.181818,1,0.090909,4,0.363636,6,0.545455,22,2.0,2,0.181818,20,1.818182,10,0.909091,5,privacy_data_law_protection,business_product_service_revenue,cybersecurity_attacks_security_threats,ai_cloud_platform_infrastructure,ai_use_legal_regulatory_risk,1,0.090909,3,0.272727,2,0.181818,1,0.090909,4,0.363636,7,0.636363,0.545455,4,ai_use_legal_regulatory_risk
55,Sysco,SYY,0000096021,2025,11,1,0.090909,3,0.272727,2,0.181818,1,0.090909,4,0.363636,6,0.545455,22,2.0,2,0.181818,20,1.818182,10,0.909091,5,privacy_data_law_protection,business_product_service_revenue,cybersecurity_attacks_security_threats,ai_cloud_platform_infrastructure,ai_use_legal_regulatory_risk,1,0.090909,3,0.272727,2,0.181818,1,0.090909,4,0.363636,7,0.636363,0.545455,4,ai_use_legal_regulatory_risk
56,American Express,AXP,0000004962,2023,16,5,0.3125,5,0.3125,2,0.125,0,0.0,4,0.25,27,1.6875,73,4.5625,0,0.0,115,7.1875,41,2.5625,5,privacy_data_law_protection,business_product_service_revenue,cybersecurity_attacks_security_threats,ai_cloud_platform_infrastructure,ai_use_legal_regulatory_risk,5,0.3125,5,0.3125,2,0.125,0,0.0,4,0.25,11,0.6875,0.6875,0,privacy_data_law_protection
56,American Express,AXP,0000004962,2024,28,12,0.428571,6,0.214286,3,0.107143,0,0.0,7,0.25,34,1.214286,141,5.035714,0,0.0,229,8.178571,68,2.428571,5,privacy_data_law_protection,business_product_service_revenue,cybersecurity_attacks_security_threats,ai_cloud_platform_infrastructure,ai_use_legal_regulatory_risk,12,0.428571,6,0.214286,3,0.107143,0,0.0,7,0.25,22,0.785714,0.785714,0,privacy_data_law_protection
56,American Express,AXP,0000004962,2025,37,9,0.243243,9,0.243243,5,0.135135,1,0.027027,13,0.351351,39,1.054054,127,3.432432,2,0.054054,187,5.054054,68,1.837838,5,privacy_data_law_protection,business_product_service_revenue,cybersecurity_attacks_security_threats,ai_cloud_platform_infrastructure,ai_use_legal_regulatory_risk,9,0.243243,9,0.243243,5,0.135135,1,0.027027,13,0.351351,27,0.729729,0.702703,4,ai_use_legal_regulatory_risk
57,Albertsons,ACI,0001646972,2024,9,1,0.111111,1,0.111111,0,0.0,0,0.0,7,0.777778,1,0.111111,26,2.888889,3,0.333333,10,1.111111,7,0.777778,5,privacy_data_law_protection,business_product_service_revenue,cybersecurity_attacks_security_threats,ai_cloud_platform_infrastructure,ai_use_legal_regulatory_risk,1,0.111111,1,0.111111,0,0.0,0,0.0,7,0.777778,8,0.888889,0.888889,4,ai_use_legal_regulatory_risk
57,Albertsons,ACI,0001646972,2025,11,0,0.0,1,0.090909,4,0.363636,0,0.0,6,0.545455,7,0.636364,22,2.0,3,0.272727,9,0.818182,7,0.636364,5,privacy_data_law_protection,business_product_service_revenue,cybersecurity_attacks_security_threats,ai_cloud_platform_infrastructure,ai_use_legal_regulatory_risk,0,0.0,1,0.090909,4,0.363636,0,0.0,6,0.545455,10,0.909091,0.909091,4,ai_use_legal_regulatory_risk
58,Archer Daniels Midland,ADM,0000007084,2023,5,0,0.0,1,0.2,2,0.4,0,0.0,2,0.4,6,1.2,23,4.6,0,0.0,24,4.8,4,0.8,5,privacy_data_law_protection,business_product_service_revenue,cybersecurity_attacks_security_threats,ai_cloud_platform_infrastructure,ai_use_legal_regulatory_risk,0,0.0,1,0.2,2,0.4,0,0.0,2,0.4,4,0.8,0.8,2,cybersecurity_attacks_security_threats
58,Archer Daniels Midland,ADM,0000007084,2024,17,0,0.0,1,0.058824,2,0.117647,0,0.0,14,0.823529,10,0.588235,50,2.941176,0,0.0,47,2.764706,31,1.823529,5,privacy_data_law_protection,business_product_service_revenue,cybersecurity_attacks_security_threats,ai_cloud_platform_infrastructure,ai_use_legal_regulatory_risk,0,0.0,1,0.058824,2,0.117647,0,0.0,14,0.823529,16,0.941176,0.941176,4,ai_use_legal_regulatory_risk
58,Archer Daniels Midland,ADM,0000007084,2025,17,1,0.058824,0,0.0,3,0.176471,0,0.0,13,0.764706,4,0.235294,41,2.411765,0,0.0,45,2.647059,32,1.882353,5,privacy_data_law_protection,business_product_service_revenue,cybersecurity_attacks_security_threats,ai_cloud_platform_infrastructure,ai_use_legal_regulatory_risk,1,0.058824,0,0.0,3,0.176471,0,0.0,13,0.764706,17,1.000001,1.0,4,ai_use_legal_regulatory_risk
59,MetLife,MET,0001099219,2023,11,3,0.272727,0,0.0,0,0.0,0,0.0,8,0.727273,0,0.0,10,0.909091,0,0.0,21,1.909091,14,1.272727,5,privacy_data_law_protection,business_product_service_revenue,cybersecurity_attacks_security_threats,ai_cloud_platform_infrastructure,ai_use_legal_regulatory_risk,3,0.272727,0,0.0,0,0.0,0,0.0,8,0.727273,11,1.0,1.0,4,ai_use_legal_regulatory_risk
59,MetLife,MET,0001099219,2024,13,1,0.076923,3,0.230769,0,0.0,0,0.0,9,0.692308,1,0.076923,13,1.0,0,0.0,27,2.076923,16,1.230769,5,privacy_data_law_protection,business_product_service_revenue,cybersecurity_attacks_security_threats,ai_cloud_platform_infrastructure,ai_use_legal_regulatory_risk,1,0.076923,3,0.230769,0,0.0,0,0.0,9,0.692308,10,0.769231,0.769231,4,ai_use_legal_regulatory_risk
59,MetLife,MET,0001099219,2025,13,3,0.230769,4,0.307692,0,0.0,1,0.076923,5,0.384615,6,0.461538,24,1.846154,0,0.0,35,2.692308,9,0.692308,5,privacy_data_law_protection,business_product_service_revenue,cybersecurity_attacks_security_threats,ai_cloud_platform_infrastructure,ai_use_legal_regulatory_risk,3,0.230769,4,0.307692,0,0.0,1,0.076923,5,0.384615,8,0.615384,0.538462,4,ai_use_legal_regulatory_risk
60,HCA Healthcare,HCA,0000860730,2023,11,3,0.272727,0,0.0,1,0.090909,0,0.0,7,0.636364,3,0.272727,19,1.727273,0,0.0,17,1.545455,6,0.545455,5,privacy_data_law_protection,business_product_service_revenue,cybersecurity_attacks_security_threats,ai_cloud_platform_infrastructure,ai_use_legal_regulatory_risk,3,0.272727,0,0.0,1,0.090909,0,0.0,7,0.636364,11,1.0,1.0,4,ai_use_legal_regulatory_risk
60,HCA Healthcare,HCA,0000860730,2024,32,2,0.0625,1,0.03125,3,0.09375,0,0.0,26,0.8125,15,0.46875,59,1.84375,3,0.09375,33,1.03125,25,0.78125,5,privacy_data_law_protection,business_product_service_revenue,cybersecurity_attacks_security_threats,ai_cloud_platform_infrastructure,ai_use_legal_regulatory_risk,2,0.0625,1,0.03125,3,0.09375,0,0.0,26,0.8125,31,0.96875,0.96875,4,ai_use_legal_regulatory_risk
60,HCA Healthcare,HCA,0000860730,2025,41,3,0.073171,3,0.073171,3,0.073171,5,0.121951,27,0.658537,25,0.609756,69,1.682927,3,0.073171,53,1.292683,41,1.0,5,privacy_data_law_protection,business_product_service_revenue,cybersecurity_attacks_security_threats,ai_cloud_platform_infrastructure,ai_use_legal_regulatory_risk,3,0.073171,3,0.073171,3,0.073171,5,0.121951,27,0.658537,33,0.804879,0.682927,4,ai_use_legal_regulatory_risk
61,Lockheed Martin,LMT,0000936468,2023,3,0,0.0,1,0.333333,1,0.333333,1,0.333333,0,0.0,0,0.0,6,2.0,0,0.0,6,2.0,2,0.666667,5,privacy_data_law_protection,business_product_service_revenue,cybersecurity_attacks_security_threats,ai_cloud_platform_infrastructure,ai_use_legal_regulatory_risk,0,0.0,1,0.333333,1,0.333333,1,0.333333,0,0.0,1,0.333333,0.0,1,business_product_service_revenue
61,Lockheed Martin,LMT,0000936468,2024,5,0,0.0,1,0.2,1,0.2,3,0.6,0,0.0,0,0.0,9,1.8,0,0.0,8,1.6,2,0.4,5,privacy_data_law_protection,business_product_service_revenue,cybersecurity_attacks_security_threats,ai_cloud_platform_infrastructure,ai_use_legal_regulatory_risk,0,0.0,1,0.2,1,0.2,3,0.6,0,0.0,1,0.2,-0.4,3,ai_cloud_platform_infrastructure
61,Lockheed Martin,LMT,0000936468,2025,6,0,0.0,2,0.333333,1,0.166667,3,0.5,0,0.0,2,0.333333,10,1.666667,0,0.0,9,1.5,4,0.666667,5,privacy_data_law_protection,business_product_service_revenue,cybersecurity_attacks_security_threats,ai_cloud_platform_infrastructure,ai_use_legal_regulatory_risk,0,0.0,2,0.333333,1,0.166667,3,0.5,0,0.0,1,0.166667,-0.333333,3,ai_cloud_platform_infrastructure
63,Capital One Financial,COF,0000927628,2023,25,3,0.12,10,0.4,3,0.12,0,0.0,9,0.36,13,0.52,97,3.88,0,0.0,91,3.64,49,1.96,5,privacy_data_law_protection,business_product_service_revenue,cybersecurity_attacks_security_threats,ai_cloud_platform_infrastructure,ai_use_legal_regulatory_risk,3,0.12,10,0.4,3,0.12,0,0.0,9,0.36,15,0.6,0.6,1,business_product_service_revenue
63,Capital One Financial,COF,0000927628,2024,30,5,0.166667,8,0.266667,3,0.1,0,0.0,14,0.466667,12,0.4,103,3.433333,4,0.133333,97,3.233333,49,1.633333,5,privacy_data_law_protection,business_product_service_revenue,cybersecurity_attacks_security_threats,ai_cloud_platform_infrastructure,ai_use_legal_regulatory_risk,5,0.166667,8,0.266667,3,0.1,0,0.0,14,0.466667,22,0.733334,0.733333,4,ai_use_legal_regulatory_risk
63,Capital One Financial,COF,0000927628,2025,49,7,0.142857,9,0.183673,5,0.102041,1,0.020408,27,0.55102,18,0.367347,131,2.673469,7,0.142857,135,2.755102,78,1.591837,5,privacy_data_law_protection,business_product_service_revenue,cybersecurity_attacks_security_threats,ai_cloud_platform_infrastructure,ai_use_legal_regulatory_risk,7,0.142857,9,0.183673,5,0.102041,1,0.020408,27,0.55102,39,0.795918,0.77551,4,ai_use_legal_regulatory_risk
64,Allstate,ALL,0000899051,2023,2,0,0.0,1,0.5,0,0.0,0,0.0,1,0.5,1,0.5,0,0.0,0,0.0,3,1.5,1,0.5,5,privacy_data_law_protection,business_product_service_revenue,cybersecurity_attacks_security_threats,ai_cloud_platform_infrastructure,ai_use_legal_regulatory_risk,0,0.0,1,0.5,0,0.0,0,0.0,1,0.5,1,0.5,0.5,1,business_product_service_revenue
64,Allstate,ALL,0000899051,2024,9,1,0.111111,3,0.333333,1,0.111111,0,0.0,4,0.444444,13,1.444444,22,2.444444,0,0.0,28,3.111111,9,1.0,5,privacy_data_law_protection,business_product_service_revenue,cybersecurity_attacks_security_threats,ai_cloud_platform_infrastructure,ai_use_legal_regulatory_risk,1,0.111111,3,0.333333,1,0.111111,0,0.0,4,0.444444,6,0.666666,0.666667,4,ai_use_legal_regulatory_risk
64,Allstate,ALL,0000899051,2025,10,1,0.1,5,0.5,2,0.2,0,0.0,2,0.2,16,1.6,34,3.4,0,0.0,31,3.1,14,1.4,5,privacy_data_law_protection,business_product_service_revenue,cybersecurity_attacks_security_threats,ai_cloud_platform_infrastructure,ai_use_legal_regulatory_risk,1,0.1,5,0.5,2,0.2,0,0.0,2,0.2,5,0.5,0.5,1,business_product_service_revenue
65,Caterpillar,CAT,0000018230,2023,2,0,0.0,2,1.0,0,0.0,0,0.0,0,0.0,6,3.0,0,0.0,0,0.0,0,0.0,2,1.0,5,privacy_data_law_protection,business_product_service_revenue,cybersecurity_attacks_security_threats,ai_cloud_platform_infrastructure,ai_use_legal_regulatory_risk,0,0.0,2,1.0,0,0.0,0,0.0,0,0.0,0,0.0,0.0,1,business_product_service_revenue
65,Caterpillar,CAT,0000018230,2024,3,0,0.0,2,0.666667,0,0.0,1,0.333333,0,0.0,6,2.0,0,0.0,3,1.0,1,0.333333,3,1.0,5,privacy_data_law_protection,business_product_service_revenue,cybersecurity_attacks_security_threats,ai_cloud_platform_infrastructure,ai_use_legal_regulatory_risk,0,0.0,2,0.666667,0,0.0,1,0.333333,0,0.0,0,0.0,-0.333333,1,business_product_service_revenue
65,Caterpillar,CAT,0000018230,2025,4,0,0.0,3,0.75,0,0.0,1,0.25,0,0.0,6,1.5,2,0.5,1,0.25,6,1.5,4,1.0,5,privacy_data_law_protection,business_product_service_revenue,cybersecurity_attacks_security_threats,ai_cloud_platform_infrastructure,ai_use_legal_regulatory_risk,0,0.0,3,0.75,0,0.0,1,0.25,0,0.0,0,0.0,-0.25,1,business_product_service_revenue
66,IBM,IBM,0000051143,2023,12,2,0.166667,3,0.25,3,0.25,4,0.333333,0,0.0,14,1.166667,33,2.75,0,0.0,43,3.583333,20,1.666667,5,privacy_data_law_protection,business_product_service_revenue,cybersecurity_attacks_security_threats,ai_cloud_platform_infrastructure,ai_use_legal_regulatory_risk,2,0.166667,3,0.25,3,0.25,4,0.333333,0,0.0,5,0.416667,0.083333,3,ai_cloud_platform_infrastructure
66,IBM,IBM,0000051143,2024,23,2,0.086957,5,0.217391,8,0.347826,5,0.217391,3,0.130435,26,1.130435,62,2.695652,1,0.043478,67,2.913043,37,1.608696,5,privacy_data_law_protection,business_product_service_revenue,cybersecurity_attacks_security_threats,ai_cloud_platform_infrastructure,ai_use_legal_regulatory_risk,2,0.086957,5,0.217391,8,0.347826,5,0.217391,3,0.130435,13,0.565218,0.347826,2,cybersecurity_attacks_security_threats
66,IBM,IBM,0000051143,2025,21,1,0.047619,5,0.238095,6,0.285714,6,0.285714,3,0.142857,23,1.095238,40,1.904762,1,0.047619,43,2.047619,41,1.952381,5,privacy_data_law_protection,business_product_service_revenue,cybersecurity_attacks_security_threats,ai_cloud_platform_infrastructure,ai_use_legal_regulatory_risk,1,0.047619,5,0.238095,6,0.285714,6,0.285714,3,0.142857,10,0.47619,0.190476,2,cybersecurity_attacks_security_threats
67,Eli Lilly,LLY,0000059478,2023,14,1,0.071429,0,0.0,0,0.0,0,0.0,13,0.928571,9,0.642857,31,2.214286,3,0.214286,33,2.357143,12,0.857143,5,privacy_data_law_protection,business_product_service_revenue,cybersecurity_attacks_security_threats,ai_cloud_platform_infrastructure,ai_use_legal_regulatory_risk,1,0.071429,0,0.0,0,0.0,0,0.0,13,0.928571,14,1.0,1.0,4,ai_use_legal_regulatory_risk
67,Eli Lilly,LLY,0000059478,2024,16,1,0.0625,0,0.0,1,0.0625,0,0.0,14,0.875,8,0.5,47,2.9375,3,0.1875,45,2.8125,14,0.875,5,privacy_data_law_protection,business_product_service_revenue,cybersecurity_attacks_security_threats,ai_cloud_platform_infrastructure,ai_use_legal_regulatory_risk,1,0.0625,0,0.0,1,0.0625,0,0.0,14,0.875,16,1.0,1.0,4,ai_use_legal_regulatory_risk
67,Eli Lilly,LLY,0000059478,2025,20,2,0.1,0,0.0,1,0.05,0,0.0,17,0.85,11,0.55,46,2.3,3,0.15,51,2.55,15,0.75,5,privacy_data_law_protection,business_product_service_revenue,cybersecurity_attacks_security_threats,ai_cloud_platform_infrastructure,ai_use_legal_regulatory_risk,2,0.1,0,0.0,1,0.05,0,0.0,17,0.85,20,1.0,1.0,4,ai_use_legal_regulatory_risk
68,Merck,MRK,0000310158,2023,4,0,0.0,0,0.0,2,0.5,0,0.0,2,0.5,1,0.25,17,4.25,0,0.0,16,4.0,7,1.75,5,privacy_data_law_protection,business_product_service_revenue,cybersecurity_attacks_security_threats,ai_cloud_platform_infrastructure,ai_use_legal_regulatory_risk,0,0.0,0,0.0,2,0.5,0,0.0,2,0.5,4,1.0,1.0,2,cybersecurity_attacks_security_threats
68,Merck,MRK,0000310158,2024,6,1,0.166667,0,0.0,1,0.166667,0,0.0,4,0.666667,2,0.333333,19,3.166667,0,0.0,20,3.333333,14,2.333333,5,privacy_data_law_protection,business_product_service_revenue,cybersecurity_attacks_security_threats,ai_cloud_platform_infrastructure,ai_use_legal_regulatory_risk,1,0.166667,0,0.0,1,0.166667,0,0.0,4,0.666667,6,1.000001,1.0,4,ai_use_legal_regulatory_risk
68,Merck,MRK,0000310158,2025,7,0,0.0,0,0.0,2,0.285714,0,0.0,5,0.714286,2,0.285714,16,2.285714,0,0.0,20,2.857143,14,2.0,5,privacy_data_law_protection,business_product_service_revenue,cybersecurity_attacks_security_threats,ai_cloud_platform_infrastructure,ai_use_legal_regulatory_risk,0,0.0,0,0.0,2,0.285714,0,0.0,5,0.714286,7,1.0,1.0,4,ai_use_legal_regulatory_risk
70,Broadcom,AVGO,0001730168,2023,16,1,0.0625,2,0.125,2,0.125,11,0.6875,0,0.0,37,2.3125,41,2.5625,6,0.375,86,5.375,42,2.625,5,privacy_data_law_protection,business_product_service_revenue,cybersecurity_attacks_security_threats,ai_cloud_platform_infrastructure,ai_use_legal_regulatory_risk,1,0.0625,2,0.125,2,0.125,11,0.6875,0,0.0,3,0.1875,-0.5,3,ai_cloud_platform_infrastructure
70,Broadcom,AVGO,0001730168,2024,48,1,0.020833,15,0.3125,4,0.083333,27,0.5625,1,0.020833,57,1.1875,86,1.791667,7,0.145833,171,3.5625,136,2.833333,5,privacy_data_law_protection,business_product_service_revenue,cybersecurity_attacks_security_threats,ai_cloud_platform_infrastructure,ai_use_legal_regulatory_risk,1,0.020833,15,0.3125,4,0.083333,27,0.5625,1,0.020833,6,0.124999,-0.4375,3,ai_cloud_platform_infrastructure
70,Broadcom,AVGO,0001730168,2025,63,2,0.031746,27,0.428571,3,0.047619,30,0.47619,1,0.015873,73,1.15873,83,1.31746,7,0.111111,157,2.492063,184,2.920635,5,privacy_data_law_protection,business_product_service_revenue,cybersecurity_attacks_security_threats,ai_cloud_platform_infrastructure,ai_use_legal_regulatory_risk,2,0.031746,27,0.428571,3,0.047619,30,0.47619,1,0.015873,6,0.095238,-0.380952,3,ai_cloud_platform_infrastructure
71,Delta Air Lines,DAL,0000027904,2025,12,3,0.25,0,0.0,2,0.166667,5,0.416667,2,0.166667,9,0.75,27,2.25,2,0.166667,31,2.583333,14,1.166667,5,privacy_data_law_protection,business_product_service_revenue,cybersecurity_attacks_security_threats,ai_cloud_platform_infrastructure,ai_use_legal_regulatory_risk,3,0.25,0,0.0,2,0.166667,5,0.416667,2,0.166667,7,0.583334,0.166667,3,ai_cloud_platform_infrastructure
73,Pfizer,PFE,0000078003,2023,6,1,0.166667,0,0.0,2,0.333333,0,0.0,3,0.5,3,0.5,20,3.333333,0,0.0,13,2.166667,6,1.0,5,privacy_data_law_protection,business_product_service_revenue,cybersecurity_attacks_security_threats,ai_cloud_platform_infrastructure,ai_use_legal_regulatory_risk,1,0.166667,0,0.0,2,0.333333,0,0.0,3,0.5,6,1.0,1.0,4,ai_use_legal_regulatory_risk
73,Pfizer,PFE,0000078003,2024,9,2,0.222222,2,0.222222,2,0.222222,0,0.0,3,0.333333,3,0.333333,26,2.888889,2,0.222222,14,1.555556,7,0.777778,5,privacy_data_law_protection,business_product_service_revenue,cybersecurity_attacks_security_threats,ai_cloud_platform_infrastructure,ai_use_legal_regulatory_risk,2,0.222222,2,0.222222,2,0.222222,0,0.0,3,0.333333,7,0.777777,0.777778,4,ai_use_legal_regulatory_risk
73,Pfizer,PFE,0000078003,2025,31,4,0.129032,8,0.258065,1,0.032258,1,0.032258,17,0.548387,33,1.064516,48,1.548387,3,0.096774,46,1.483871,14,0.451613,5,privacy_data_law_protection,business_product_service_revenue,cybersecurity_attacks_security_threats,ai_cloud_platform_infrastructure,ai_use_legal_regulatory_risk,4,0.129032,8,0.258065,1,0.032258,1,0.032258,17,0.548387,22,0.709677,0.677419,4,ai_use_legal_regulatory_risk
74,TD Synnex,SNX,0001177394,2023,5,0,0.0,2,0.4,0,0.0,3,0.6,0,0.0,5,1.0,15,3.0,2,0.4,18,3.6,20,4.0,5,privacy_data_law_protection,business_product_service_revenue,cybersecurity_attacks_security_threats,ai_cloud_platform_infrastructure,ai_use_legal_regulatory_risk,0,0.0,2,0.4,0,0.0,3,0.6,0,0.0,0,0.0,-0.6,3,ai_cloud_platform_infrastructure
74,TD Synnex,SNX,0001177394,2024,6,0,0.0,3,0.5,1,0.166667,2,0.333333,0,0.0,6,1.0,20,3.333333,2,0.333333,23,3.833333,21,3.5,5,privacy_data_law_protection,business_product_service_revenue,cybersecurity_attacks_security_threats,ai_cloud_platform_infrastructure,ai_use_legal_regulatory_risk,0,0.0,3,0.5,1,0.166667,2,0.333333,0,0.0,1,0.166667,-0.166667,1,business_product_service_revenue
74,TD Synnex,SNX,0001177394,2025,20,1,0.05,3,0.15,1,0.05,4,0.2,11,0.55,15,0.75,48,2.4,2,0.1,33,1.65,22,1.1,5,privacy_data_law_protection,business_product_service_revenue,cybersecurity_attacks_security_threats,ai_cloud_platform_infrastructure,ai_use_legal_regulatory_risk,1,0.05,3,0.15,1,0.05,4,0.2,11,0.55,13,0.65,0.45,4,ai_use_legal_regulatory_risk
75,ConocoPhillips,COP,0001163165,2023,1,0,0.0,0,0.0,1,1.0,0,0.0,0,0.0,0,0.0,2,2.0,0,0.0,2,2.0,1,1.0,5,privacy_data_law_protection,business_product_service_revenue,cybersecurity_attacks_security_threats,ai_cloud_platform_infrastructure,ai_use_legal_regulatory_risk,0,0.0,0,0.0,1,1.0,0,0.0,0,0.0,1,1.0,1.0,2,cybersecurity_attacks_security_threats
75,ConocoPhillips,COP,0001163165,2024,1,0,0.0,0,0.0,1,1.0,0,0.0,0,0.0,0,0.0,2,2.0,0,0.0,2,2.0,1,1.0,5,privacy_data_law_protection,business_product_service_revenue,cybersecurity_attacks_security_threats,ai_cloud_platform_infrastructure,ai_use_legal_regulatory_risk,0,0.0,0,0.0,1,1.0,0,0.0,0,0.0,1,1.0,1.0,2,cybersecurity_attacks_security_threats
75,ConocoPhillips,COP,0001163165,2025,1,0,0.0,0,0.0,1,1.0,0,0.0,0,0.0,0,0.0,2,2.0,0,0.0,2,2.0,1,1.0,5,privacy_data_law_protection,business_product_service_revenue,cybersecurity_attacks_security_threats,ai_cloud_platform_infrastructure,ai_use_legal_regulatory_risk,0,0.0,0,0.0,1,1.0,0,0.0,0,0.0,1,1.0,1.0,2,cybersecurity_attacks_security_threats
76,Galaxy Digital,GLXY,0001859392,2025,80,3,0.0375,45,0.5625,3,0.0375,13,0.1625,16,0.2,30,0.375,95,1.1875,14,0.175,210,2.625,101,1.2625,5,privacy_data_law_protection,business_product_service_revenue,cybersecurity_attacks_security_threats,ai_cloud_platform_infrastructure,ai_use_legal_regulatory_risk,3,0.0375,45,0.5625,3,0.0375,13,0.1625,16,0.2,22,0.275,0.1125,1,business_product_service_revenue
77,AbbVie,ABBV,0001551152,2024,4,1,0.25,1,0.25,0,0.0,0,0.0,2,0.5,0,0.0,7,1.75,0,0.0,6,1.5,4,1.0,5,privacy_data_law_protection,business_product_service_revenue,cybersecurity_attacks_security_threats,ai_cloud_platform_infrastructure,ai_use_legal_regulatory_risk,1,0.25,1,0.25,0,0.0,0,0.0,2,0.5,3,0.75,0.75,4,ai_use_legal_regulatory_risk
77,AbbVie,ABBV,0001551152,2025,5,1,0.2,1,0.2,1,0.2,1,0.2,1,0.2,0,0.0,7,1.4,0,0.0,6,1.2,4,0.8,5,privacy_data_law_protection,business_product_service_revenue,cybersecurity_attacks_security_threats,ai_cloud_platform_infrastructure,ai_use_legal_regulatory_risk,1,0.2,1,0.2,1,0.2,1,0.2,1,0.2,3,0.6,0.4,0,privacy_data_law_protection
78,Prudential Financial,PRU,0001137774,2023,10,1,0.1,2,0.2,2,0.2,0,0.0,5,0.5,7,0.7,58,5.8,4,0.4,50,5.0,3,0.3,5,privacy_data_law_protection,business_product_service_revenue,cybersecurity_attacks_security_threats,ai_cloud_platform_infrastructure,ai_use_legal_regulatory_risk,1,0.1,2,0.2,2,0.2,0,0.0,5,0.5,8,0.8,0.8,4,ai_use_legal_regulatory_risk
78,Prudential Financial,PRU,0001137774,2024,20,3,0.15,2,0.1,2,0.1,0,0.0,13,0.65,14,0.7,75,3.75,4,0.2,72,3.6,18,0.9,5,privacy_data_law_protection,business_product_service_revenue,cybersecurity_attacks_security_threats,ai_cloud_platform_infrastructure,ai_use_legal_regulatory_risk,3,0.15,2,0.1,2,0.1,0,0.0,13,0.65,18,0.9,0.9,4,ai_use_legal_regulatory_risk
78,Prudential Financial,PRU,0001137774,2025,23,2,0.086957,2,0.086957,7,0.304348,0,0.0,12,0.521739,15,0.652174,82,3.565217,6,0.26087,83,3.608696,28,1.217391,5,privacy_data_law_protection,business_product_service_revenue,cybersecurity_attacks_security_threats,ai_cloud_platform_infrastructure,ai_use_legal_regulatory_risk,2,0.086957,2,0.086957,7,0.304348,0,0.0,12,0.521739,21,0.913044,0.913043,4,ai_use_legal_regulatory_risk
79,TJX,TJX,0000109198,2025,4,0,0.0,2,0.5,2,0.5,0,0.0,0,0.0,0,0.0,6,1.5,0,0.0,6,1.5,7,1.75,5,privacy_data_law_protection,business_product_service_revenue,cybersecurity_attacks_security_threats,ai_cloud_platform_infrastructure,ai_use_legal_regulatory_risk,0,0.0,2,0.5,2,0.5,0,0.0,0,0.0,2,0.5,0.5,1,business_product_service_revenue
80,Performance Food Group,PFGC,0001618673,2024,3,0,0.0,0,0.0,1,0.333333,0,0.0,2,0.666667,2,0.666667,5,1.666667,0,0.0,4,1.333333,4,1.333333,5,privacy_data_law_protection,business_product_service_revenue,cybersecurity_attacks_security_threats,ai_cloud_platform_infrastructure,ai_use_legal_regulatory_risk,0,0.0,0,0.0,1,0.333333,0,0.0,2,0.666667,3,1.0,1.0,4,ai_use_legal_regulatory_risk
80,Performance Food Group,PFGC,0001618673,2025,10,2,0.2,0,0.0,2,0.2,0,0.0,6,0.6,18,1.8,38,3.8,3,0.3,22,2.2,10,1.0,5,privacy_data_law_protection,business_product_service_revenue,cybersecurity_attacks_security_threats,ai_cloud_platform_infrastructure,ai_use_legal_regulatory_risk,2,0.2,0,0.0,2,0.2,0,0.0,6,0.6,10,1.0,1.0,4,ai_use_legal_regulatory_risk
81,United Airlines Holdings,UAL,0000100517,2023,6,0,0.0,0,0.0,2,0.333333,0,0.0,4,0.666667,2,0.333333,20,3.333333,3,0.5,9,1.5,12,2.0,5,privacy_data_law_protection,business_product_service_revenue,cybersecurity_attacks_security_threats,ai_cloud_platform_infrastructure,ai_use_legal_regulatory_risk,0,0.0,0,0.0,2,0.333333,0,0.0,4,0.666667,6,1.0,1.0,4,ai_use_legal_regulatory_risk
81,United Airlines Holdings,UAL,0000100517,2024,7,0,0.0,1,0.142857,2,0.285714,0,0.0,4,0.571429,3,0.428571,21,3.0,3,0.428571,10,1.428571,15,2.142857,5,privacy_data_law_protection,business_product_service_revenue,cybersecurity_attacks_security_threats,ai_cloud_platform_infrastructure,ai_use_legal_regulatory_risk,0,0.0,1,0.142857,2,0.285714,0,0.0,4,0.571429,6,0.857143,0.857143,4,ai_use_legal_regulatory_risk
81,United Airlines Holdings,UAL,0000100517,2025,8,0,0.0,1,0.125,2,0.25,0,0.0,5,0.625,3,0.375,21,2.625,4,0.5,10,1.25,16,2.0,5,privacy_data_law_protection,business_product_service_revenue,cybersecurity_attacks_security_threats,ai_cloud_platform_infrastructure,ai_use_legal_regulatory_risk,0,0.0,1,0.125,2,0.25,0,0.0,5,0.625,7,0.875,0.875,4,ai_use_legal_regulatory_risk
82,Oracle,ORCL,0001341439,2023,13,0,0.0,3,0.230769,0,0.0,10,0.769231,0,0.0,12,0.923077,22,1.692308,2,0.153846,28,2.153846,51,3.923077,5,privacy_data_law_protection,business_product_service_revenue,cybersecurity_attacks_security_threats,ai_cloud_platform_infrastructure,ai_use_legal_regulatory_risk,0,0.0,3,0.230769,0,0.0,10,0.769231,0,0.0,0,0.0,-0.769231,3,ai_cloud_platform_infrastructure
82,Oracle,ORCL,0001341439,2024,23,2,0.086957,3,0.130435,0,0.0,14,0.608696,4,0.173913,12,0.521739,53,2.304348,2,0.086957,49,2.130435,72,3.130435,5,privacy_data_law_protection,business_product_service_revenue,cybersecurity_attacks_security_threats,ai_cloud_platform_infrastructure,ai_use_legal_regulatory_risk,2,0.086957,3,0.130435,0,0.0,14,0.608696,4,0.173913,6,0.26087,-0.347826,3,ai_cloud_platform_infrastructure
82,Oracle,ORCL,0001341439,2025,30,4,0.133333,7,0.233333,0,0.0,14,0.466667,5,0.166667,13,0.433333,61,2.033333,2,0.066667,59,1.966667,87,2.9,5,privacy_data_law_protection,business_product_service_revenue,cybersecurity_attacks_security_threats,ai_cloud_platform_infrastructure,ai_use_legal_regulatory_risk,4,0.133333,7,0.233333,0,0.0,14,0.466667,5,0.166667,9,0.3,-0.166667,3,ai_cloud_platform_infrastructure
83,Cisco Systems,CSCO,0000858877,2023,21,2,0.095238,1,0.047619,1,0.047619,11,0.52381,6,0.285714,23,1.095238,49,2.333333,0,0.0,55,2.619048,26,1.238095,5,privacy_data_law_protection,business_product_service_revenue,cybersecurity_attacks_security_threats,ai_cloud_platform_infrastructure,ai_use_legal_regulatory_risk,2,0.095238,1,0.047619,1,0.047619,11,0.52381,6,0.285714,9,0.428571,-0.095238,3,ai_cloud_platform_infrastructure
83,Cisco Systems,CSCO,0000858877,2024,26,3,0.115385,4,0.153846,3,0.115385,7,0.269231,9,0.346154,17,0.653846,45,1.730769,0,0.0,43,1.653846,22,0.846154,5,privacy_data_law_protection,business_product_service_revenue,cybersecurity_attacks_security_threats,ai_cloud_platform_infrastructure,ai_use_legal_regulatory_risk,3,0.115385,4,0.153846,3,0.115385,7,0.269231,9,0.346154,15,0.576924,0.307692,4,ai_use_legal_regulatory_risk
83,Cisco Systems,CSCO,0000858877,2025,47,2,0.042553,8,0.170213,5,0.106383,19,0.404255,13,0.276596,19,0.404255,76,1.617021,1,0.021277,96,2.042553,53,1.12766,5,privacy_data_law_protection,business_product_service_revenue,cybersecurity_attacks_security_threats,ai_cloud_platform_infrastructure,ai_use_legal_regulatory_risk,2,0.042553,8,0.170213,5,0.106383,19,0.404255,13,0.276596,20,0.425532,0.021277,3,ai_cloud_platform_infrastructure
84,HP,HPQ,0000047217,2023,19,1,0.052632,8,0.421053,0,0.0,1,0.052632,9,0.473684,17,0.894737,28,1.473684,0,0.0,23,1.210526,9,0.473684,5,privacy_data_law_protection,business_product_service_revenue,cybersecurity_attacks_security_threats,ai_cloud_platform_infrastructure,ai_use_legal_regulatory_risk,1,0.052632,8,0.421053,0,0.0,1,0.052632,9,0.473684,10,0.526316,0.473684,4,ai_use_legal_regulatory_risk
84,HP,HPQ,0000047217,2024,33,1,0.030303,9,0.272727,4,0.121212,6,0.181818,13,0.393939,27,0.818182,70,2.121212,0,0.0,60,1.818182,31,0.939394,5,privacy_data_law_protection,business_product_service_revenue,cybersecurity_attacks_security_threats,ai_cloud_platform_infrastructure,ai_use_legal_regulatory_risk,1,0.030303,9,0.272727,4,0.121212,6,0.181818,13,0.393939,18,0.545454,0.363636,4,ai_use_legal_regulatory_risk
84,HP,HPQ,0000047217,2025,38,1,0.026316,15,0.394737,4,0.105263,5,0.131579,13,0.342105,47,1.236842,75,1.973684,0,0.0,64,1.684211,35,0.921053,5,privacy_data_law_protection,business_product_service_revenue,cybersecurity_attacks_security_threats,ai_cloud_platform_infrastructure,ai_use_legal_regulatory_risk,1,0.026316,15,0.394737,4,0.105263,5,0.131579,13,0.342105,18,0.473684,0.342105,1,business_product_service_revenue
85,Charter Communications,CHTR,0001091667,2023,9,0,0.0,1,0.111111,1,0.111111,0,0.0,7,0.777778,1,0.111111,17,1.888889,0,0.0,11,1.222222,3,0.333333,5,privacy_data_law_protection,business_product_service_revenue,cybersecurity_attacks_security_threats,ai_cloud_platform_infrastructure,ai_use_legal_regulatory_risk,0,0.0,1,0.111111,1,0.111111,0,0.0,7,0.777778,8,0.888889,0.888889,4,ai_use_legal_regulatory_risk
85,Charter Communications,CHTR,0001091667,2024,9,0,0.0,1,0.111111,1,0.111111,0,0.0,7,0.777778,1,0.111111,16,1.777778,0,0.0,10,1.111111,3,0.333333,5,privacy_data_law_protection,business_product_service_revenue,cybersecurity_attacks_security_threats,ai_cloud_platform_infrastructure,ai_use_legal_regulatory_risk,0,0.0,1,0.111111,1,0.111111,0,0.0,7,0.777778,8,0.888889,0.888889,4,ai_use_legal_regulatory_risk
85,Charter Communications,CHTR,0001091667,2025,12,3,0.25,1,0.083333,1,0.083333,0,0.0,7,0.583333,3,0.25,25,2.083333,0,0.0,22,1.833333,5,0.416667,5,privacy_data_law_protection,business_product_service_revenue,cybersecurity_attacks_security_threats,ai_cloud_platform_infrastructure,ai_use_legal_regulatory_risk,3,0.25,1,0.083333,1,0.083333,0,0.0,7,0.583333,11,0.916666,0.916667,4,ai_use_legal_regulatory_risk
86,American Airlines Group,AAL,0000006201,2023,1,0,0.0,1,1.0,0,0.0,0,0.0,0,0.0,1,1.0,0,0.0,0,0.0,0,0.0,1,1.0,5,privacy_data_law_protection,business_product_service_revenue,cybersecurity_attacks_security_threats,ai_cloud_platform_infrastructure,ai_use_legal_regulatory_risk,0,0.0,1,1.0,0,0.0,0,0.0,0,0.0,0,0.0,0.0,1,business_product_service_revenue
86,American Airlines Group,AAL,0000006201,2024,21,2,0.095238,1,0.047619,7,0.333333,0,0.0,11,0.52381,13,0.619048,77,3.666667,10,0.47619,51,2.428571,30,1.428571,5,privacy_data_law_protection,business_product_service_revenue,cybersecurity_attacks_security_threats,ai_cloud_platform_infrastructure,ai_use_legal_regulatory_risk,2,0.095238,1,0.047619,7,0.333333,0,0.0,11,0.52381,20,0.952381,0.952381,4,ai_use_legal_regulatory_risk
86,American Airlines Group,AAL,0000006201,2025,28,3,0.107143,1,0.035714,7,0.25,0,0.0,17,0.607143,15,0.535714,77,2.75,12,0.428571,49,1.75,39,1.392857,5,privacy_data_law_protection,business_product_service_revenue,cybersecurity_attacks_security_threats,ai_cloud_platform_infrastructure,ai_use_legal_regulatory_risk,3,0.107143,1,0.035714,7,0.25,0,0.0,17,0.607143,27,0.964286,0.964286,4,ai_use_legal_regulatory_risk
87,Tyson Foods,TSN,0000100493,2023,6,1,0.166667,4,0.666667,0,0.0,1,0.166667,0,0.0,23,3.833333,4,0.666667,0,0.0,3,0.5,1,0.166667,5,privacy_data_law_protection,business_product_service_revenue,cybersecurity_attacks_security_threats,ai_cloud_platform_infrastructure,ai_use_legal_regulatory_risk,1,0.166667,4,0.666667,0,0.0,1,0.166667,0,0.0,1,0.166667,0.0,1,business_product_service_revenue
87,Tyson Foods,TSN,0000100493,2024,3,1,0.333333,0,0.0,1,0.333333,1,0.333333,0,0.0,5,1.666667,5,1.666667,0,0.0,4,1.333333,1,0.333333,5,privacy_data_law_protection,business_product_service_revenue,cybersecurity_attacks_security_threats,ai_cloud_platform_infrastructure,ai_use_legal_regulatory_risk,1,0.333333,0,0.0,1,0.333333,1,0.333333,0,0.0,2,0.666666,0.333333,0,privacy_data_law_protection
87,Tyson Foods,TSN,0000100493,2025,4,0,0.0,2,0.5,1,0.25,1,0.25,0,0.0,7,1.75,5,1.25,0,0.0,4,1.0,1,0.25,5,privacy_data_law_protection,business_product_service_revenue,cybersecurity_attacks_security_threats,ai_cloud_platform_infrastructure,ai_use_legal_regulatory_risk,0,0.0,2,0.5,1,0.25,1,0.25,0,0.0,1,0.25,0.0,1,business_product_service_revenue
88,Intel,INTC,0000050863,2023,99,3,0.030303,15,0.151515,1,0.010101,71,0.717172,9,0.090909,99,1.0,81,0.818182,12,0.121212,108,1.090909,191,1.929293,5,privacy_data_law_protection,business_product_service_revenue,cybersecurity_attacks_security_threats,ai_cloud_platform_infrastructure,ai_use_legal_regulatory_risk,3,0.030303,15,0.151515,1,0.010101,71,0.717172,9,0.090909,13,0.131313,-0.585859,3,ai_cloud_platform_infrastructure
88,Intel,INTC,0000050863,2024,88,3,0.034091,21,0.238636,3,0.034091,56,0.636364,5,0.056818,93,1.056818,56,0.636364,10,0.113636,80,0.909091,117,1.329545,5,privacy_data_law_protection,business_product_service_revenue,cybersecurity_attacks_security_threats,ai_cloud_platform_infrastructure,ai_use_legal_regulatory_risk,3,0.034091,21,0.238636,3,0.034091,56,0.636364,5,0.056818,11,0.125,-0.511364,3,ai_cloud_platform_infrastructure
88,Intel,INTC,0000050863,2025,96,3,0.03125,25,0.260417,3,0.03125,59,0.614583,6,0.0625,89,0.927083,53,0.552083,15,0.15625,111,1.15625,131,1.364583,5,privacy_data_law_protection,business_product_service_revenue,cybersecurity_attacks_security_threats,ai_cloud_platform_infrastructure,ai_use_legal_regulatory_risk,3,0.03125,25,0.260417,3,0.03125,59,0.614583,6,0.0625,12,0.125,-0.489583,3,ai_cloud_platform_infrastructure
89,Enterprise Products Partners,EPD,0001061219,2025,1,0,0.0,1,1.0,0,0.0,0,0.0,0,0.0,1,1.0,1,1.0,0,0.0,1,1.0,0,0.0,5,privacy_data_law_protection,business_product_service_revenue,cybersecurity_attacks_security_threats,ai_cloud_platform_infrastructure,ai_use_legal_regulatory_risk,0,0.0,1,1.0,0,0.0,0,0.0,0,0.0,0,0.0,0.0,1,business_product_service_revenue
90,Ingram Micro Holding,INGM,0001897762,2024,21,1,0.047619,6,0.285714,1,0.047619,6,0.285714,7,0.333333,17,0.809524,47,2.238095,0,0.0,34,1.619048,36,1.714286,5,privacy_data_law_protection,business_product_service_revenue,cybersecurity_attacks_security_threats,ai_cloud_platform_infrastructure,ai_use_legal_regulatory_risk,1,0.047619,6,0.285714,1,0.047619,6,0.285714,7,0.333333,9,0.428571,0.142857,4,ai_use_legal_regulatory_risk
90,Ingram Micro Holding,INGM,0001897762,2025,24,2,0.083333,7,0.291667,1,0.041667,7,0.291667,7,0.291667,23,0.958333,54,2.25,0,0.0,42,1.75,39,1.625,5,privacy_data_law_protection,business_product_service_revenue,cybersecurity_attacks_security_threats,ai_cloud_platform_infrastructure,ai_use_legal_regulatory_risk,2,0.083333,7,0.291667,1,0.041667,7,0.291667,7,0.291667,10,0.416667,0.125,1,business_product_service_revenue
91,General Dynamics,GD,0000040533,2023,5,0,0.0,0,0.0,0,0.0,5,1.0,0,0.0,2,0.4,5,1.0,0,0.0,9,1.8,9,1.8,5,privacy_data_law_protection,business_product_service_revenue,cybersecurity_attacks_security_threats,ai_cloud_platform_infrastructure,ai_use_legal_regulatory_risk,0,0.0,0,0.0,0,0.0,5,1.0,0,0.0,0,0.0,-1.0,3,ai_cloud_platform_infrastructure
91,General Dynamics,GD,0000040533,2024,4,0,0.0,0,0.0,0,0.0,4,1.0,0,0.0,2,0.5,4,1.0,0,0.0,6,1.5,8,2.0,5,privacy_data_law_protection,business_product_service_revenue,cybersecurity_attacks_security_threats,ai_cloud_platform_infrastructure,ai_use_legal_regulatory_risk,0,0.0,0,0.0,0,0.0,4,1.0,0,0.0,0,0.0,-1.0,3,ai_cloud_platform_infrastructure
91,General Dynamics,GD,0000040533,2025,4,0,0.0,1,0.25,0,0.0,3,0.75,0,0.0,2,0.5,4,1.0,1,0.25,6,1.5,7,1.75,5,privacy_data_law_protection,business_product_service_revenue,cybersecurity_attacks_security_threats,ai_cloud_platform_infrastructure,ai_use_legal_regulatory_risk,0,0.0,1,0.25,0,0.0,3,0.75,0,0.0,0,0.0,-0.75,3,ai_cloud_platform_infrastructure
92,Uber Technologies,UBER,0001543151,2023,16,3,0.1875,1,0.0625,2,0.125,1,0.0625,9,0.5625,2,0.125,34,2.125,0,0.0,40,2.5,16,1.0,5,privacy_data_law_protection,business_product_service_revenue,cybersecurity_attacks_security_threats,ai_cloud_platform_infrastructure,ai_use_legal_regulatory_risk,3,0.1875,1,0.0625,2,0.125,1,0.0625,9,0.5625,14,0.875,0.8125,4,ai_use_legal_regulatory_risk
92,Uber Technologies,UBER,0001543151,2024,16,4,0.25,1,0.0625,1,0.0625,0,0.0,10,0.625,2,0.125,37,2.3125,2,0.125,39,2.4375,15,0.9375,5,privacy_data_law_protection,business_product_service_revenue,cybersecurity_attacks_security_threats,ai_cloud_platform_infrastructure,ai_use_legal_regulatory_risk,4,0.25,1,0.0625,1,0.0625,0,0.0,10,0.625,15,0.9375,0.9375,4,ai_use_legal_regulatory_risk
92,Uber Technologies,UBER,0001543151,2025,19,6,0.315789,1,0.052632,2,0.105263,0,0.0,10,0.526316,4,0.210526,52,2.736842,2,0.105263,48,2.526316,21,1.105263,5,privacy_data_law_protection,business_product_service_revenue,cybersecurity_attacks_security_threats,ai_cloud_platform_infrastructure,ai_use_legal_regulatory_risk,6,0.315789,1,0.052632,2,0.105263,0,0.0,10,0.526316,18,0.947368,0.947368,4,ai_use_legal_regulatory_risk
96,Travelers,TRV,0000086312,2023,13,1,0.076923,8,0.615385,2,0.153846,0,0.0,2,0.153846,21,1.615385,16,1.230769,0,0.0,19,1.461538,15,1.153846,5,privacy_data_law_protection,business_product_service_revenue,cybersecurity_attacks_security_threats,ai_cloud_platform_infrastructure,ai_use_legal_regulatory_risk,1,0.076923,8,0.615385,2,0.153846,0,0.0,2,0.153846,5,0.384615,0.384615,1,business_product_service_revenue
96,Travelers,TRV,0000086312,2024,17,3,0.176471,8,0.470588,5,0.294118,0,0.0,1,0.058824,23,1.352941,28,1.647059,0,0.0,34,2.0,20,1.176471,5,privacy_data_law_protection,business_product_service_revenue,cybersecurity_attacks_security_threats,ai_cloud_platform_infrastructure,ai_use_legal_regulatory_risk,3,0.176471,8,0.470588,5,0.294118,0,0.0,1,0.058824,9,0.529413,0.529412,1,business_product_service_revenue
96,Travelers,TRV,0000086312,2025,29,4,0.137931,12,0.413793,8,0.275862,0,0.0,5,0.172414,27,0.931034,46,1.586207,0,0.0,42,1.448276,31,1.068966,5,privacy_data_law_protection,business_product_service_revenue,cybersecurity_attacks_security_threats,ai_cloud_platform_infrastructure,ai_use_legal_regulatory_risk,4,0.137931,12,0.413793,8,0.275862,0,0.0,5,0.172414,17,0.586207,0.586207,1,business_product_service_revenue
97,Bristol-Myers Squibb,BMY,0000014272,2024,6,0,0.0,0,0.0,2,0.333333,1,0.166667,3,0.5,9,1.5,13,2.166667,3,0.5,9,1.5,5,0.833333,5,privacy_data_law_protection,business_product_service_revenue,cybersecurity_attacks_security_threats,ai_cloud_platform_infrastructure,ai_use_legal_regulatory_risk,0,0.0,0,0.0,2,0.333333,1,0.166667,3,0.5,5,0.833333,0.666667,4,ai_use_legal_regulatory_risk
97,Bristol-Myers Squibb,BMY,0000014272,2025,10,1,0.1,0,0.0,3,0.3,3,0.3,3,0.3,11,1.1,17,1.7,4,0.4,18,1.8,8,0.8,5,privacy_data_law_protection,business_product_service_revenue,cybersecurity_attacks_security_threats,ai_cloud_platform_infrastructure,ai_use_legal_regulatory_risk,1,0.1,0,0.0,3,0.3,3,0.3,3,0.3,7,0.7,0.4,2,cybersecurity_attacks_security_threats
98,Coca-Cola,KO,0000021344,2023,4,1,0.25,2,0.5,1,0.25,0,0.0,0,0.0,5,1.25,6,1.5,1,0.25,13,3.25,6,1.5,5,privacy_data_law_protection,business_product_service_revenue,cybersecurity_attacks_security_threats,ai_cloud_platform_infrastructure,ai_use_legal_regulatory_risk,1,0.25,2,0.5,1,0.25,0,0.0,0,0.0,2,0.5,0.5,1,business_product_service_revenue
98,Coca-Cola,KO,0000021344,2024,6,2,0.333333,3,0.5,1,0.166667,0,0.0,0,0.0,8,1.333333,8,1.333333,1,0.166667,15,2.5,7,1.166667,5,privacy_data_law_protection,business_product_service_revenue,cybersecurity_attacks_security_threats,ai_cloud_platform_infrastructure,ai_use_legal_regulatory_risk,2,0.333333,3,0.5,1,0.166667,0,0.0,0,0.0,3,0.5,0.5,1,business_product_service_revenue
98,Coca-Cola,KO,0000021344,2025,8,2,0.25,5,0.625,1,0.125,0,0.0,0,0.0,10,1.25,9,1.125,1,0.125,17,2.125,7,0.875,5,privacy_data_law_protection,business_product_service_revenue,cybersecurity_attacks_security_threats,ai_cloud_platform_infrastructure,ai_use_legal_regulatory_risk,2,0.25,5,0.625,1,0.125,0,0.0,0,0.0,3,0.375,0.375,1,business_product_service_revenue
99,Nike,NKE,0000320187,2023,1,0,0.0,1,1.0,0,0.0,0,0.0,0,0.0,1,1.0,0,0.0,0,0.0,0,0.0,2,2.0,5,privacy_data_law_protection,business_product_service_revenue,cybersecurity_attacks_security_threats,ai_cloud_platform_infrastructure,ai_use_legal_regulatory_risk,0,0.0,1,1.0,0,0.0,0,0.0,0,0.0,0,0.0,0.0,1,business_product_service_revenue
99,Nike,NKE,0000320187,2024,4,0,0.0,2,0.5,1,0.25,0,0.0,1,0.25,10,2.5,4,1.0,1,0.25,3,0.75,3,0.75,5,privacy_data_law_protection,business_product_service_revenue,cybersecurity_attacks_security_threats,ai_cloud_platform_infrastructure,ai_use_legal_regulatory_risk,0,0.0,2,0.5,1,0.25,0,0.0,1,0.25,2,0.5,0.5,1,business_product_service_revenue
99,Nike,NKE,0000320187,2025,3,0,0.0,1,0.333333,1,0.333333,0,0.0,1,0.333333,2,0.666667,7,2.333333,1,0.333333,4,1.333333,1,0.333333,5,privacy_data_law_protection,business_product_service_revenue,cybersecurity_attacks_security_threats,ai_cloud_platform_infrastructure,ai_use_legal_regulatory_risk,0,0.0,1,0.333333,1,0.333333,0,0.0,1,0.333333,2,0.666666,0.666667,1,business_product_service_revenue
