event_id,fortune_rank_2025,company_name,ticker,cik_padded,target_report_year,filing_date,report_date,naics_sector_code,naics_sector_name,AI_Related_Disclosure_Intensity,AI_RiskRelated_Topic_Share,AI_Risk_Orientation_Proxy,log_total_words,AI_Mention_Count,Topic_Entropy,filing_year,ticker_estimate,company,filing_date_estimate,event_trading_date,market_benchmark,market_data_status,failure_reason,CAR_m1_p1,CAR_0_p1,CAR_0_p3,CAR_0_p5,AbnormalVolume_0_p1,AbnormalVolume_0_p3,AbnormalVolume_0_p5,CAR_m10_m6,CAR_m5_m2,AbnormalVolume_m5_m2
AMZN_2023_1018724,1,Amazon,AMZN,1018724,2023,2024-02-02,2023-12-31,44-45,Retail Trade,3.756292,0.583334,0.25,10.594958328715128,15,1.23668456370896,2024,,,,,,,,,,,,,,,,,
AMZN_2024_1018724,1,Amazon,AMZN,1018724,2024,2025-02-07,2024-12-31,44-45,Retail Trade,5.569338,0.375,0.0625,10.584106582518803,22,1.3334730391185026,2025,,,,,,,,,,,,,,,,,
AMZN_2025_1018724,1,Amazon,AMZN,1018724,2025,2026-02-06,2025-12-31,44-45,Retail Trade,11.266054,0.310346,0.137931,10.595208716817995,45,1.3159971698324089,2026,,,,,,,,,,,,,,,,,
WMT_2023_104169,2,Walmart,WMT,104169,2023,2023-03-17,2023-01-31,44-45,Retail Trade,0.982473,0.0,0.0,10.83746101926259,5,-0.0,2023,,,,,,,,,,,,,,,,,
WMT_2024_104169,2,Walmart,WMT,104169,2024,2024-03-15,2024-01-31,44-45,Retail Trade,1.493039,0.0,0.0,10.888968469762906,8,-0.0,2024,,,,,,,,,,,,,,,,,
WMT_2025_104169,2,Walmart,WMT,104169,2025,2025-03-14,2025-01-31,44-45,Retail Trade,2.46684,0.416667,0.416667,10.872351759017352,13,1.1187435225229199,2025,,,,,,,,,,,,,,,,,
UNH_2023_731766,3,UnitedHealth Group,UNH,731766,2023,2024-02-28,2023-12-31,52,Finance and Insurance,1.388825,0.818181,0.636364,10.673642069456857,6,1.240684051268604,2024,,,,,,,,,,,,,,,,,
UNH_2024_731766,3,UnitedHealth Group,UNH,731766,2024,2025-02-27,2024-12-31,52,Finance and Insurance,1.372903,0.818181,0.636364,10.68517202861297,6,1.240684051268604,2025,,,,,,,,,,,,,,,,,
UNH_2025_731766,3,UnitedHealth Group,UNH,731766,2025,2026-03-02,2025-12-31,52,Finance and Insurance,1.090917,0.8,0.6,10.732759634666934,5,1.1595704898852968,2026,,,,,,,,,,,,,,,,,
AAPL_2023_320193,4,Apple,AAPL,320193,2023,2023-11-03,2023-09-30,31-33,Manufacturing,0.711212,1.0,1.0,10.24427190716996,2,-0.0,2023,,,,,,,,,,,,,,,,,
AAPL_2024_320193,4,Apple,AAPL,320193,2024,2024-11-01,2024-09-28,31-33,Manufacturing,1.748435,1.0,1.0,10.261057096201172,5,0.6365139372455026,2024,,,,,,,,,,,,,,,,,
AAPL_2025_320193,4,Apple,AAPL,320193,2025,2025-10-31,2025-09-27,31-33,Manufacturing,3.460926,1.0,1.0,10.271389240089327,10,0.6931471805599453,2025,,,,,,,,,,,,,,,,,
GOOGL_2023_1652044,5,Alphabet,GOOGL,1652044,2023,2024-01-31,2023-12-31,51,Information,3.046737,0.268293,-0.341463,10.804319409347737,15,1.1014070500791693,2024,,,,,,,,,,,,,,,,,
GOOGL_2024_1652044,5,Alphabet,GOOGL,1652044,2024,2025-02-05,2024-12-31,51,Information,1.976988,0.301075,-0.236559,10.831351060762898,10,1.2296532981037558,2025,,,,,,,,,,,,,,,,,
GOOGL_2025_1652044,5,Alphabet,GOOGL,1652044,2025,2026-02-05,2025-12-31,51,Information,1.818439,0.428572,0.035714,10.809586524415446,9,1.4017264346127387,2026,,,,,,,,,,,,,,,,,
CVS_2023_64803,6,CVS Health,CVS,64803,2023,2024-02-07,2023-12-31,44-45,Retail Trade,0.481843,0.0,-0.75,11.732237686103396,6,0.5623351446188083,2024,,,,,,,,,,,,,,,,,
CVS_2024_64803,6,CVS Health,CVS,64803,2024,2025-02-12,2024-12-31,44-45,Retail Trade,0.665718,0.428571,0.0,11.6966710074152,8,1.2770339824313797,2025,,,,,,,,,,,,,,,,,
CVS_2025_64803,6,CVS Health,CVS,64803,2025,2026-02-10,2025-12-31,44-45,Retail Trade,0.640023,0.538461,0.230769,11.602501051562593,7,1.564956685285051,2026,,,,,,,,,,,,,,,,,
BRK-B_2023_1067983,7,Berkshire Hathaway,BRK-B,1067983,2023,2024-02-26,2023-12-31,52,Finance and Insurance,0.0,0.0,0.0,11.176851149168025,0,0.0,2024,,,,,,,,,,,,,,,,,
BRK-B_2024_1067983,7,Berkshire Hathaway,BRK-B,1067983,2024,2025-02-24,2024-12-31,52,Finance and Insurance,0.0,0.0,0.0,11.156893171630214,0,0.0,2025,,,,,,,,,,,,,,,,,
BRK-B_2025_1067983,7,Berkshire Hathaway,BRK-B,1067983,2025,2026-03-02,2025-12-31,52,Finance and Insurance,0.287588,1.0,1.0,11.1497149247589,2,-0.0,2026,,,,,,,,,,,,,,,,,
MCK_2023_927653,8,McKesson,MCK,927653,2023,2023-05-09,2023-03-31,42,Wholesale Trade,0.397599,0.0,0.0,11.231265224836942,3,-0.0,2023,,,,,,,,,,,,,,,,,
MCK_2024_927653,8,McKesson,MCK,927653,2024,2024-05-08,2024-03-31,42,Wholesale Trade,0.99691,0.461538,0.384615,11.159345725938799,7,1.377819130219025,2024,,,,,,,,,,,,,,,,,
MCK_2025_927653,8,McKesson,MCK,927653,2025,2025-05-09,2025-03-31,42,Wholesale Trade,1.313466,0.666666,0.625,11.134895546610604,9,1.393475775791155,2025,,,,,,,,,,,,,,,,,
XOM_2023_34088,9,Exxon Mobil,XOM,34088,2023,2024-02-28,2023-12-31,31-33,Manufacturing,0.0,0.0,0.0,10.923255026881002,0,0.0,2024,,,,,,,,,,,,,,,,,
XOM_2024_34088,9,Exxon Mobil,XOM,34088,2024,2025-02-19,2024-12-31,31-33,Manufacturing,0.0,0.0,0.0,10.983069915297433,0,0.0,2025,,,,,,,,,,,,,,,,,
XOM_2025_34088,9,Exxon Mobil,XOM,34088,2025,2026-02-18,2025-12-31,31-33,Manufacturing,0.178501,0.0,0.0,10.93349974971198,1,-0.0,2026,,,,,,,,,,,,,,,,,
COR_2023_1140859,10,Cencora,COR,1140859,2023,2023-11-21,2023-09-30,42,Wholesale Trade,0.547695,0.333333,0.333333,10.910989164463667,3,0.6365139372455026,2023,,,,,,,,,,,,,,,,,
COR_2024_1140859,10,Cencora,COR,1140859,2024,2024-11-26,2024-09-30,42,Wholesale Trade,0.542319,0.333333,0.333333,10.920853631835199,3,0.6365139372455026,2024,,,,,,,,,,,,,,,,,
COR_2025_1140859,10,Cencora,COR,1140859,2025,2025-11-25,2025-09-30,42,Wholesale Trade,1.219576,0.82353,0.823529,10.957747316133442,7,1.3397187201231318,2025,,,,,,,,,,,,,,,,,
MSFT_2023_789019,11,Microsoft,MSFT,789019,2023,2023-07-27,2023-06-30,51,Information,3.767661,0.267606,-0.422535,10.774257769108473,18,0.9858517958425477,2023,,,,,,,,,,,,,,,,,
MSFT_2024_789019,11,Microsoft,MSFT,789019,2024,2024-07-30,2024-06-30,51,Information,3.796887,0.252525,-0.363636,10.82059794839396,19,1.1622687038914439,2024,,,,,,,,,,,,,,,,,
MSFT_2025_789019,11,Microsoft,MSFT,789019,2025,2025-07-30,2025-06-30,51,Information,2.272314,0.344827,-0.08046,10.692126714555293,10,1.396902594952268,2025,,,,,,,,,,,,,,,,,
JPM_2023_19617,12,JPMorgan Chase,JPM,19617,2023,2024-02-16,2023-12-31,52,Finance and Insurance,0.341647,0.333333,0.333333,12.076077848913986,6,0.6365139372455026,2024,,,,,,,,,,,,,,,,,
JPM_2024_19617,12,JPMorgan Chase,JPM,19617,2024,2025-02-14,2024-12-31,52,Finance and Insurance,1.167685,0.636363,0.636364,12.051049084853247,20,1.0361987486199988,2025,,,,,,,,,,,,,,,,,
JPM_2025_19617,12,JPMorgan Chase,JPM,19617,2025,2026-02-13,2025-12-31,52,Finance and Insurance,0.660474,0.470589,0.470588,12.02303283085077,11,1.2006850145933738,2026,,,,,,,,,,,,,,,,,
COST_2023_909832,13,Costco Wholesale,COST,909832,2023,2023-10-11,2023-09-03,44-45,Retail Trade,0.0,0.0,0.0,10.254426074622923,0,0.0,2023,,,,,,,,,,,,,,,,,
COST_2024_909832,13,Costco Wholesale,COST,909832,2024,2024-10-09,2024-09-01,44-45,Retail Trade,0.674696,0.5,0.5,10.296981288863073,2,0.6931471805599453,2024,,,,,,,,,,,,,,,,,
COST_2025_909832,13,Costco Wholesale,COST,909832,2025,2025-10-08,2025-08-31,44-45,Retail Trade,0.689845,0.5,0.5,10.274775208842707,2,0.6931471805599453,2025,,,,,,,,,,,,,,,,,
CI_2023_1739940,14,Cigna Group,CI,1739940,2023,2024-02-29,2023-12-31,52,Finance and Insurance,1.204806,0.739131,0.521739,11.421917019425596,11,1.215315918967187,2024,,,,,,,,,,,,,,,,,
CI_2024_1739940,14,Cigna Group,CI,1739940,2024,2025-02-27,2024-12-31,52,Finance and Insurance,1.326365,0.888889,0.777778,11.230482975232924,10,0.9283433743435757,2025,,,,,,,,,,,,,,,,,
CI_2025_1739940,14,Cigna Group,CI,1739940,2025,2026-02-26,2025-12-31,52,Finance and Insurance,1.663455,0.885714,0.8,11.186350092426327,12,0.9736482075621495,2026,,,,,,,,,,,,,,,,,
CAH_2023_721371,15,Cardinal Health,CAH,721371,2023,2023-08-15,2023-06-30,42,Wholesale Trade,0.0,0.0,0.0,10.83160803616386,0,0.0,2023,,,,,,,,,,,,,,,,,
CAH_2024_721371,15,Cardinal Health,CAH,721371,2024,2024-08-14,2024-06-30,42,Wholesale Trade,1.062568,0.25,0.25,10.941411675702279,6,0.5623351446188083,2024,,,,,,,,,,,,,,,,,
CAH_2025_721371,15,Cardinal Health,CAH,721371,2025,2025-08-12,2025-06-30,42,Wholesale Trade,0.757217,0.666666,0.666667,10.874739842484258,4,1.098612190055321,2025,,,,,,,,,,,,,,,,,
NVDA_2023_1045810,16,Nvidia,NVDA,1045810,2023,2023-02-24,2023-01-29,31-33,Manufacturing,7.906527,0.197674,-0.511628,10.726170654445108,36,0.9216792579932691,2023,,,,,,,,,,,,,,,,,
NVDA_2024_1045810,16,Nvidia,NVDA,1045810,2024,2024-02-21,2024-01-28,31-33,Manufacturing,8.614854,0.288288,-0.342342,10.794522012994118,42,1.1236459293613796,2024,,,,,,,,,,,,,,,,,
NVDA_2025_1045810,16,Nvidia,NVDA,1045810,2025,2025-02-26,2025-01-26,31-33,Manufacturing,6.810215,0.358208,-0.186567,10.818277158284015,34,1.224626373830138,2025,,,,,,,,,,,,,,,,,
META_2023_1326801,17,Meta Platforms,META,1326801,2023,2024-02-02,2023-12-31,51,Information,3.876989,0.622641,0.45283,11.18748614131548,28,1.3043652766800027,2024,,,,,,,,,,,,,,,,,
META_2024_1326801,17,Meta Platforms,META,1326801,2024,2025-01-30,2024-12-31,51,Information,4.328477,0.550725,0.376812,11.210860452150994,32,1.3502904835145404,2025,,,,,,,,,,,,,,,,,
META_2025_1326801,17,Meta Platforms,META,1326801,2025,2026-01-29,2025-12-31,51,Information,4.208644,0.522936,0.302752,11.238935887650104,32,1.4377747846748379,2026,,,,,,,,,,,,,,,,,
ELV_2023_1156039,18,Elevance Health,ELV,1156039,2023,2024-02-21,2023-12-31,52,Finance and Insurance,0.245333,0.5,0.0,11.308628201452379,2,0.6931471805599453,2024,,,,,,,,,,,,,,,,,
ELV_2024_1156039,18,Elevance Health,ELV,1156039,2024,2025-02-20,2024-12-31,52,Finance and Insurance,0.478675,0.923077,0.846154,11.33336808431894,4,1.1569871063964097,2025,,,,,,,,,,,,,,,,,
ELV_2025_1156039,18,Elevance Health,ELV,1156039,2025,2026-02-06,2025-12-31,52,Finance and Insurance,0.742354,0.866666,0.733333,11.300029230107569,6,1.1124555675722296,2026,,,,,,,,,,,,,,,,,
CNC_2023_1071739,19,Centene,CNC,1071739,2023,2024-02-20,2023-12-31,52,Finance and Insurance,0.158336,1.0,1.0,11.053378968824774,1,-0.0,2024,,,,,,,,,,,,,,,,,
CNC_2024_1071739,19,Centene,CNC,1071739,2024,2025-02-18,2024-12-31,52,Finance and Insurance,4.027386,0.866667,0.866667,11.036098610376367,25,1.3095256042543841,2025,,,,,,,,,,,,,,,,,
CNC_2025_1071739,19,Centene,CNC,1071739,2025,2026-02-17,2025-12-31,52,Finance and Insurance,4.188795,0.9,0.85,11.110131785417224,28,1.3046615296840591,2026,,,,,,,,,,,,,,,,,
BAC_2023_70858,20,Bank of America,BAC,70858,2023,2024-02-20,2023-12-31,52,Finance and Insurance,1.09109,0.818181,0.818182,11.762220077017213,14,1.0361987486199988,2024,,,,,,,,,,,,,,,,,
BAC_2024_70858,20,Bank of America,BAC,70858,2024,2025-02-25,2024-12-31,52,Finance and Insurance,1.98564,0.695652,0.695652,11.743274990774765,25,1.2733262712708462,2025,,,,,,,,,,,,,,,,,
BAC_2025_70858,20,Bank of America,BAC,70858,2025,2026-02-25,2025-12-31,52,Finance and Insurance,0.476104,0.866667,0.866667,11.744219708957814,6,1.2625123874091084,2026,,,,,,,,,,,,,,,,,
CVX_2023_93410,21,Chevron,CVX,93410,2023,2024-02-26,2023-12-31,31-33,Manufacturing,0.305018,0.0,-0.5,11.090873553257666,2,0.6931471805599453,2024,,,,,,,,,,,,,,,,,
CVX_2024_93410,21,Chevron,CVX,93410,2024,2025-02-21,2024-12-31,31-33,Manufacturing,0.302906,0.6,0.4,11.097819028262782,2,0.9502705392332347,2025,,,,,,,,,,,,,,,,,
CVX_2025_93410,21,Chevron,CVX,93410,2025,2026-02-24,2025-12-31,31-33,Manufacturing,0.592619,0.875,0.875,11.119838431428493,4,0.37677016125643675,2026,,,,,,,,,,,,,,,,,
F_2023_37996,22,Ford Motor,F,37996,2023,2024-02-07,2023-12-31,31-33,Manufacturing,0.65336,0.357143,0.285714,11.427726989136344,6,0.8760062835900944,2024,,,,,,,,,,,,,,,,,
F_2024_37996,22,Ford Motor,F,37996,2024,2025-02-06,2024-12-31,31-33,Manufacturing,0.850648,0.4,0.4,11.45153930325588,8,0.8532366870340826,2025,,,,,,,,,,,,,,,,,
F_2025_37996,22,Ford Motor,F,37996,2025,2026-02-11,2025-12-31,31-33,Manufacturing,0.73984,0.857143,0.857143,11.457571304838151,7,0.7963111803342096,2026,,,,,,,,,,,,,,,,,
GM_2023_1467858,23,General Motors,GM,1467858,2023,2024-01-30,2023-12-31,31-33,Manufacturing,0.0,0.0,0.0,11.039620391951418,0,0.0,2024,,,,,,,,,,,,,,,,,
GM_2024_1467858,23,General Motors,GM,1467858,2024,2025-01-28,2024-12-31,31-33,Manufacturing,0.778877,0.333333,0.333333,11.069680605025184,5,0.6365139372455026,2025,,,,,,,,,,,,,,,,,
GM_2025_1467858,23,General Motors,GM,1467858,2025,2026-01-27,2025-12-31,31-33,Manufacturing,0.620396,0.636363,0.454545,11.074032830749546,4,1.5157074363772607,2026,,,,,,,,,,,,,,,,,
C_2023_831001,24,Citigroup,C,831001,2023,2024-02-23,2023-12-31,52,Finance and Insurance,0.223952,1.0,1.0,12.092959936898529,4,0.6931471805599453,2024,,,,,,,,,,,,,,,,,
C_2024_831001,24,Citigroup,C,831001,2024,2025-02-21,2024-12-31,52,Finance and Insurance,0.559331,0.615384,0.538462,12.093939245584918,10,1.2658564860154855,2025,,,,,,,,,,,,,,,,,
C_2025_831001,24,Citigroup,C,831001,2025,2026-02-20,2025-12-31,52,Finance and Insurance,0.719084,0.666666,0.666667,12.025024277886827,12,1.267884885770433,2026,,,,,,,,,,,,,,,,,
HD_2023_354950,25,Home Depot,HD,354950,2023,2023-03-15,2023-01-29,44-45,Retail Trade,0.247555,0.0,-1.0,10.606461293913808,1,-0.0,2023,,,,,,,,,,,,,,,,,
HD_2024_354950,25,Home Depot,HD,354950,2024,2024-03-13,2024-01-28,44-45,Retail Trade,0.951633,0.25,0.25,10.646210303039341,4,0.5623351446188083,2024,,,,,,,,,,,,,,,,,
HD_2025_354950,25,Home Depot,HD,354950,2025,2025-03-21,2025-02-02,44-45,Retail Trade,1.307247,0.6,0.6,10.734176822114557,6,1.0549201679861442,2025,,,,,,,,,,,,,,,,,
FNMA_2023_310522,26,Fannie Mae,FNMA,310522,2023,2024-02-15,2023-12-31,52,Finance and Insurance,1.51041,0.733333,0.666667,12.016835229214475,25,1.2868735545920695,2024,,,,,,,,,,,,,,,,,
FNMA_2024_310522,26,Fannie Mae,FNMA,310522,2024,2025-02-14,2024-12-31,52,Finance and Insurance,2.125983,0.714286,0.666667,11.98246648722985,34,1.1753616447981756,2025,,,,,,,,,,,,,,,,,
FNMA_2025_310522,26,Fannie Mae,FNMA,310522,2025,2026-02-11,2025-12-31,52,Finance and Insurance,2.178831,0.785715,0.642857,11.957912522906632,34,1.2648993450209947,2026,,,,,,,,,,,,,,,,,
KR_2023_56873,27,Kroger,KR,56873,2023,2023-03-28,2023-01-28,44-45,Retail Trade,0.0,0.0,0.0,10.775512868112267,0,0.0,2023,,,,,,,,,,,,,,,,,
KR_2024_56873,27,Kroger,KR,56873,2024,2024-04-02,2024-02-03,44-45,Retail Trade,0.0,1.0,1.0,10.825084183200465,0,-0.0,2024,,,,,,,,,,,,,,,,,
KR_2025_56873,27,Kroger,KR,56873,2025,2025-04-01,2025-02-01,44-45,Retail Trade,0.57628,0.833333,0.833333,10.860113760599686,3,1.0114044957559118,2025,,,,,,,,,,,,,,,,,
VZ_2023_732712,28,Verizon Communications,VZ,732712,2023,2024-02-09,2023-12-31,51,Information,0.60573,0.666666,0.666667,11.097955326847758,4,1.098612190055321,2024,,,,,,,,,,,,,,,,,
VZ_2024_732712,28,Verizon Communications,VZ,732712,2024,2025-02-12,2024-12-31,51,Information,0.897868,0.8,0.8,11.109832541007119,6,1.2206072645530175,2025,,,,,,,,,,,,,,,,,
VZ_2025_732712,28,Verizon Communications,VZ,732712,2025,2026-02-17,2025-12-31,51,Information,1.229842,0.5,0.277778,11.082896111032328,8,1.4609713724016697,2026,,,,,,,,,,,,,,,,,
PSX_2023_1534701,29,Phillips 66,PSX,1534701,2023,2024-02-21,2023-12-31,31-33,Manufacturing,0.0,0.0,0.0,11.231172447548754,0,0.0,2024,,,,,,,,,,,,,,,,,
PSX_2024_1534701,29,Phillips 66,PSX,1534701,2024,2025-02-21,2024-12-31,31-33,Manufacturing,0.260075,0.5,0.5,11.250274159310356,2,0.6931471805599453,2025,,,,,,,,,,,,,,,,,
PSX_2025_1534701,29,Phillips 66,PSX,1534701,2025,2026-02-20,2025-12-31,31-33,Manufacturing,0.261428,0.5,0.5,11.245085234731986,2,0.6931471805599453,2026,,,,,,,,,,,,,,,,,
MPC_2023_1510295,30,Marathon Petroleum,MPC,1510295,2023,2024-02-28,2023-12-31,31-33,Manufacturing,0.280635,0.5,0.5,11.17418866616251,2,0.6931471805599453,2024,,,,,,,,,,,,,,,,,
MPC_2024_1510295,30,Marathon Petroleum,MPC,1510295,2024,2025-02-27,2024-12-31,31-33,Manufacturing,0.403736,1.0,1.0,11.215946981146658,3,0.5004024235381879,2025,,,,,,,,,,,,,,,,,
MPC_2025_1510295,30,Marathon Petroleum,MPC,1510295,2025,2026-02-26,2025-12-31,31-33,Manufacturing,0.398772,1.0,1.0,11.228318659035375,3,0.5004024235381879,2026,,,,,,,,,,,,,,,,,
SNEX_2023_913760,31,StoneX Group,SNEX,913760,2023,2023-11-24,2023-09-30,52,Finance and Insurance,0.0,0.0,0.0,11.256276835098621,0,0.0,2023,,,,,,,,,,,,,,,,,
SNEX_2024_913760,31,StoneX Group,SNEX,913760,2024,2024-11-29,2024-09-30,52,Finance and Insurance,0.0,0.0,0.0,11.260365976208814,0,0.0,2024,,,,,,,,,,,,,,,,,
SNEX_2025_913760,31,StoneX Group,SNEX,913760,2025,2025-11-28,2025-09-30,52,Finance and Insurance,0.0,0.0,0.0,11.34950024256013,0,0.0,2025,,,,,,,,,,,,,,,,,
FMCC_2023_1026214,33,Freddie Mac,FMCC,1026214,2023,2024-02-14,2023-12-31,52,Finance and Insurance,0.20035,0.866666,0.866667,11.916642379210904,3,1.1124555675722296,2024,,,,,,,,,,,,,,,,,
FMCC_2024_1026214,33,Freddie Mac,FMCC,1026214,2024,2025-02-13,2024-12-31,52,Finance and Insurance,1.477879,0.888889,0.888889,11.910774981266345,22,1.0878566127667852,2025,,,,,,,,,,,,,,,,,
FMCC_2025_1026214,33,Freddie Mac,FMCC,1026214,2025,2026-02-12,2025-12-31,52,Finance and Insurance,0.210898,0.789473,0.736842,11.865334322086891,3,1.2367938140095704,2026,,,,,,,,,,,,,,,,,
HUM_2023_49071,34,Humana,HUM,49071,2023,2024-02-15,2023-12-31,52,Finance and Insurance,0.0,0.0,0.0,11.105844051343766,0,0.0,2024,,,,,,,,,,,,,,,,,
HUM_2024_49071,34,Humana,HUM,49071,2024,2025-02-20,2024-12-31,52,Finance and Insurance,0.633282,1.0,1.0,11.053473965658284,4,0.6365139372455026,2025,,,,,,,,,,,,,,,,,
HUM_2025_49071,34,Humana,HUM,49071,2025,2026-02-19,2025-12-31,52,Finance and Insurance,0.638132,1.0,1.0,11.045845557481588,4,1.0114044957559118,2026,,,,,,,,,,,,,,,,,
T_2023_732717,35,AT&T,T,732717,2023,2024-02-23,2023-12-31,51,Information,0.878657,0.6,0.6,10.94913848971599,5,1.0549201679861442,2024,,,,,,,,,,,,,,,,,
T_2024_732717,35,AT&T,T,732717,2024,2025-02-12,2024-12-31,51,Information,1.303004,0.428571,0.142857,10.891577880026057,7,1.351783642505152,2025,,,,,,,,,,,,,,,,,
T_2025_732717,35,AT&T,T,732717,2025,2026-02-09,2025-12-31,51,Information,0.952091,0.428572,0.142857,10.868873164054001,5,1.4508062083332336,2026,,,,,,,,,,,,,,,,,
GS_2023_886982,36,Goldman Sachs Group,GS,886982,2023,2024-02-23,2023-12-31,52,Finance and Insurance,0.430213,0.947368,0.947368,11.999724754133364,7,1.1643655341258956,2024,,,,,,,,,,,,,,,,,
GS_2024_886982,36,Goldman Sachs Group,GS,886982,2024,2025-02-27,2024-12-31,52,Finance and Insurance,0.680175,0.84375,0.84375,11.9936402741639,11,1.3028064663195091,2025,,,,,,,,,,,,,,,,,
GS_2025_886982,36,Goldman Sachs Group,GS,886982,2025,2026-02-25,2025-12-31,52,Finance and Insurance,0.692966,0.763158,0.763158,11.975010323346647,11,1.2436846828106451,2026,,,,,,,,,,,,,,,,,
CMCSA_2023_1166691,37,Comcast,CMCSA,1166691,2023,2024-01-31,2023-12-31,51,Information,0.526491,0.4,0.2,10.95047315791545,3,1.3321790402101223,2024,,,,,,,,,,,,,,,,,
CMCSA_2024_1166691,37,Comcast,CMCSA,1166691,2024,2025-01-31,2024-12-31,51,Information,0.549129,0.5,0.375,10.908375070640925,3,1.4941751382893085,2025,,,,,,,,,,,,,,,,,
CMCSA_2025_1166691,37,Comcast,CMCSA,1166691,2025,2026-02-03,2025-12-31,51,Information,0.70819,0.6,0.5,10.941677282305049,4,1.5047882836811908,2026,,,,,,,,,,,,,,,,,
WFC_2023_72971,38,Wells Fargo,WFC,72971,2023,2024-02-20,2023-12-31,52,Finance and Insurance,0.0,0.0,0.0,10.09158406877277,0,0.0,2024,,,,,,,,,,,,,,,,,
WFC_2024_72971,38,Wells Fargo,WFC,72971,2024,2025-02-25,2024-12-31,52,Finance and Insurance,0.0,0.0,0.0,10.061943238228102,0,0.0,2025,,,,,,,,,,,,,,,,,
WFC_2025_72971,38,Wells Fargo,WFC,72971,2025,2026-02-24,2025-12-31,52,Finance and Insurance,0.774234,0.0,0.0,9.466222131878165,1,-0.0,2026,,,,,,,,,,,,,,,,,
MS_2023_895421,39,Morgan Stanley,MS,895421,2023,2024-02-22,2023-12-31,52,Finance and Insurance,0.451683,0.6,0.6,11.614552018058507,5,0.6730116670092565,2024,,,,,,,,,,,,,,,,,
MS_2024_895421,39,Morgan Stanley,MS,895421,2024,2025-02-21,2024-12-31,52,Finance and Insurance,0.451647,0.6,0.6,11.614633317769938,5,1.0549201679861442,2025,,,,,,,,,,,,,,,,,
MS_2025_895421,39,Morgan Stanley,MS,895421,2025,2026-02-19,2025-12-31,52,Finance and Insurance,0.994422,0.636363,0.636364,11.613829063311094,11,1.0900595686506251,2026,,,,,,,,,,,,,,,,,
VLO_2023_1035002,40,Valero Energy,VLO,1035002,2023,2024-02-22,2023-12-31,31-33,Manufacturing,0.171553,0.0,0.0,10.973202986493744,1,-0.0,2024,,,,,,,,,,,,,,,,,
VLO_2024_1035002,40,Valero Energy,VLO,1035002,2024,2025-02-26,2024-12-31,31-33,Manufacturing,0.347548,0.666667,0.666667,10.960339906956007,2,0.6365139372455026,2025,,,,,,,,,,,,,,,,,
VLO_2025_1035002,40,Valero Energy,VLO,1035002,2025,2026-02-25,2025-12-31,31-33,Manufacturing,0.338507,0.833334,0.833333,10.986698513961407,2,0.8675635581420601,2026,,,,,,,,,,,,,,,,,
DELL_2023_1571996,41,Dell Technologies,DELL,1571996,2023,2023-03-30,2023-02-03,31-33,Manufacturing,2.069884,0.090909,-0.636364,11.255436297881227,16,0.7595469503810156,2023,,,,,,,,,,,,,,,,,
DELL_2024_1571996,41,Dell Technologies,DELL,1571996,2024,2024-03-25,2024-02-02,31-33,Manufacturing,1.330743,0.192308,-0.269231,11.227188166884945,10,1.0411318302834982,2024,,,,,,,,,,,,,,,,,
DELL_2025_1571996,41,Dell Technologies,DELL,1571996,2025,2025-03-25,2025-01-31,31-33,Manufacturing,1.596998,0.220339,0.016949,11.22712162753022,12,1.1262269188130658,2025,,,,,,,,,,,,,,,,,
TGT_2023_27419,42,Target,TGT,27419,2023,2023-03-08,2023-01-28,44-45,Retail Trade,0.36523,0.0,0.0,10.21756809884244,1,-0.0,2023,,,,,,,,,,,,,,,,,
TGT_2024_27419,42,Target,TGT,27419,2024,2024-03-13,2024-02-03,44-45,Retail Trade,1.372731,0.5,0.5,10.27983276207044,4,1.0397207708399179,2024,,,,,,,,,,,,,,,,,
TGT_2025_27419,42,Target,TGT,27419,2025,2025-03-12,2025-02-01,44-45,Retail Trade,2.850898,0.666666,0.666667,10.359930905408921,9,1.2148894390589664,2025,,,,,,,,,,,,,,,,,
TSLA_2023_1318605,43,Tesla,TSLA,1318605,2023,2024-01-29,2023-12-31,31-33,Manufacturing,2.450123,0.0,-0.166667,10.953259675784764,14,0.4505617453452089,2024,,,,,,,,,,,,,,,,,
TSLA_2024_1318605,43,Tesla,TSLA,1318605,2024,2025-01-30,2024-12-31,31-33,Manufacturing,2.899601,0.130435,0.0,10.918355847771277,16,0.8378097436820959,2025,,,,,,,,,,,,,,,,,
TSLA_2025_1318605,43,Tesla,TSLA,1318605,2025,2026-01-29,2025-12-31,31-33,Manufacturing,3.147679,0.041666,-0.354167,10.954046905215318,18,0.8517837881335816,2026,,,,,,,,,,,,,,,,,
DIS_2023_1744489,44,Walt Disney,DIS,1744489,2023,2023-11-21,2023-09-30,56,Administrative and Support and Waste Management and Remediation Services,0.465419,0.666667,0.666667,11.073769127894597,3,0.6365139372455026,2023,,,,,,,,,,,,,,,,,
DIS_2024_1744489,44,Walt Disney,DIS,1744489,2024,2024-11-14,2024-09-28,56,Administrative and Support and Waste Management and Remediation Services,0.7876,0.714285,0.714286,11.05854318462745,5,1.2770339824313797,2024,,,,,,,,,,,,,,,,,
DIS_2025_1744489,44,Walt Disney,DIS,1744489,2025,2025-11-13,2025-09-27,56,Administrative and Support and Waste Management and Remediation Services,0.798263,0.714285,0.714286,11.045095471665334,5,1.2770339824313797,2025,,,,,,,,,,,,,,,,,
JNJ_2023_200406,45,Johnson & Johnson,JNJ,200406,2023,2024-02-16,2023-12-31,31-33,Manufacturing,0.811741,0.857143,0.857143,11.028352212348304,5,1.1537413485745605,2024,,,,,,,,,,,,,,,,,
JNJ_2024_200406,45,Johnson & Johnson,JNJ,200406,2024,2025-02-13,2024-12-29,31-33,Manufacturing,0.482408,1.000001,1.0,11.03791733406963,3,0.8675635581420601,2025,,,,,,,,,,,,,,,,,
JNJ_2025_200406,45,Johnson & Johnson,JNJ,200406,2025,2026-02-11,2025-12-28,31-33,Manufacturing,0.485869,1.000001,1.0,11.030768279551923,3,0.8675635581420601,2026,,,,,,,,,,,,,,,,,
PEP_2023_77476,46,PepsiCo,PEP,77476,2023,2024-02-09,2023-12-30,31-33,Manufacturing,1.479703,0.375,0.375,11.01572328589452,9,0.9002560512685369,2024,,,,,,,,,,,,,,,,,
PEP_2024_77476,46,PepsiCo,PEP,77476,2024,2025-02-04,2024-12-28,31-33,Manufacturing,2.434314,0.384615,0.384615,11.028725543521734,15,1.0720163820537278,2025,,,,,,,,,,,,,,,,,
PEP_2025_77476,46,PepsiCo,PEP,77476,2025,2026-02-03,2025-12-27,31-33,Manufacturing,3.167723,0.411765,0.294118,11.001766452303,19,1.36537298973017,2026,,,,,,,,,,,,,,,,,
BA_2023_12927,47,Boeing,BA,12927,2023,2024-01-31,2023-12-31,31-33,Manufacturing,0.3671,1.0,1.0,10.905607296014702,2,-0.0,2024,,,,,,,,,,,,,,,,,
BA_2024_12927,47,Boeing,BA,12927,2024,2025-02-03,2024-12-31,31-33,Manufacturing,0.336428,1.0,1.0,10.992857259837304,2,-0.0,2025,,,,,,,,,,,,,,,,,
BA_2025_12927,47,Boeing,BA,12927,2025,2026-01-30,2025-12-31,31-33,Manufacturing,0.332657,1.0,1.0,11.004131110113317,2,-0.0,2026,,,,,,,,,,,,,,,,,
UPS_2023_1090727,48,UPS,UPS,1090727,2023,2024-02-20,2023-12-31,48-49,Transportation and Warehousing,0.617551,0.25,0.25,11.078628690193362,4,0.5623351446188083,2024,,,,,,,,,,,,,,,,,
UPS_2024_1090727,48,UPS,UPS,1090727,2024,2025-02-18,2024-12-31,48-49,Transportation and Warehousing,0.734139,0.2,0.2,11.128835276869756,5,0.5004024235381879,2025,,,,,,,,,,,,,,,,,
UPS_2025_1090727,48,UPS,UPS,1090727,2025,2026-02-17,2025-12-31,48-49,Transportation and Warehousing,1.107805,0.5,0.25,11.053869688688987,7,1.0397207708399179,2026,,,,,,,,,,,,,,,,,
RTX_2023_101829,49,RTX,RTX,101829,2023,2024-02-05,2023-12-31,31-33,Manufacturing,0.509716,0.25,0.25,11.270535381710154,4,0.5623351446188083,2024,,,,,,,,,,,,,,,,,
RTX_2024_101829,49,RTX,RTX,101829,2024,2025-02-03,2024-12-31,31-33,Manufacturing,1.186043,0.6,0.6,11.342303203748118,10,1.2798542258336674,2025,,,,,,,,,,,,,,,,,
RTX_2025_101829,49,RTX,RTX,101829,2025,2026-02-06,2025-12-31,31-33,Manufacturing,1.163768,0.666666,0.666667,11.25590191347224,9,1.310783367315536,2026,,,,,,,,,,,,,,,,,
FDX_2023_1048911,50,FedEx,FDX,1048911,2023,2023-07-17,2023-05-31,48-49,Transportation and Warehousing,1.229508,0.375,0.0,11.200950699949402,9,1.0821955300387671,2023,,,,,,,,,,,,,,,,,
FDX_2024_1048911,50,FedEx,FDX,1048911,2024,2024-07-15,2024-05-31,48-49,Transportation and Warehousing,3.693688,0.526316,0.263158,11.235919532515682,28,1.3386719599921415,2024,,,,,,,,,,,,,,,,,
FDX_2025_1048911,50,FedEx,FDX,1048911,2025,2025-07-21,2025-05-31,48-49,Transportation and Warehousing,3.571712,0.526316,0.315789,11.233132193938685,27,1.3386719599921415,2025,,,,,,,,,,,,,,,,,
PGR_2023_80661,51,Progressive,PGR,80661,2023,2024-02-26,2023-12-31,52,Finance and Insurance,4.696747,0.941176,0.941176,10.37152049124621,15,0.8463668230480446,2024,,,,,,,,,,,,,,,,,
PGR_2024_80661,51,Progressive,PGR,80661,2024,2025-03-03,2024-12-31,52,Finance and Insurance,4.208618,1.0,1.0,10.338155412452387,13,0.3622104386117251,2025,,,,,,,,,,,,,,,,,
PGR_2025_80661,51,Progressive,PGR,80661,2025,2026-03-02,2025-12-31,52,Finance and Insurance,1.965023,1.0,1.0,10.326596095816887,6,0.5566478832799606,2026,,,,,,,,,,,,,,,,,
LOW_2023_60667,52,Lowe's,LOW,60667,2023,2023-03-27,2023-02-03,44-45,Retail Trade,0.0,0.0,0.0,10.631808808103727,0,0.0,2023,,,,,,,,,,,,,,,,,
LOW_2024_60667,52,Lowe's,LOW,60667,2024,2024-03-25,2024-02-02,44-45,Retail Trade,1.712915,0.333333,0.333333,10.618053700469373,7,0.6365139372455026,2024,,,,,,,,,,,,,,,,,
LOW_2025_60667,52,Lowe's,LOW,60667,2025,2025-03-24,2025-01-31,44-45,Retail Trade,2.021836,0.615384,0.384615,10.585775989761197,8,1.3322445901931106,2025,,,,,,,,,,,,,,,,,
ET_2023_1276187,53,Energy Transfer,ET,1276187,2023,2024-02-16,2023-12-31,48-49,Transportation and Warehousing,0.064854,1.0,1.0,11.945953858091068,1,-0.0,2024,,,,,,,,,,,,,,,,,
ET_2024_1276187,53,Energy Transfer,ET,1276187,2024,2025-02-14,2024-12-31,48-49,Transportation and Warehousing,0.063296,1.0,1.0,11.970274359757717,1,-0.0,2025,,,,,,,,,,,,,,,,,
ET_2025_1276187,53,Energy Transfer,ET,1276187,2025,2026-02-19,2025-12-31,48-49,Transportation and Warehousing,0.061542,1.0,1.0,11.998371740396822,1,-0.0,2026,,,,,,,,,,,,,,,,,
PG_2023_80424,54,Procter & Gamble,PG,80424,2023,2023-08-04,2023-06-30,31-33,Manufacturing,0.0,0.0,0.0,10.63052878474363,0,0.0,2023,,,,,,,,,,,,,,,,,
PG_2024_80424,54,Procter & Gamble,PG,80424,2024,2024-08-05,2024-06-30,31-33,Manufacturing,1.657119,1.0,1.0,10.651170265744087,7,0.5004024235381879,2024,,,,,,,,,,,,,,,,,
PG_2025_80424,54,Procter & Gamble,PG,80424,2025,2025-08-04,2025-06-30,31-33,Manufacturing,1.873887,0.833334,0.833333,10.661766828033855,8,0.8675635581420601,2025,,,,,,,,,,,,,,,,,
SYY_2023_96021,55,Sysco,SYY,96021,2023,2023-08-25,2023-07-01,42,Wholesale Trade,0.1664,0.5,0.0,11.003698562567935,1,0.6931471805599453,2023,,,,,,,,,,,,,,,,,
SYY_2024_96021,55,Sysco,SYY,96021,2024,2024-08-28,2024-06-29,42,Wholesale Trade,2.60667,0.636363,0.545455,11.02485561999279,16,1.4681394708757693,2024,,,,,,,,,,,,,,,,,
SYY_2025_96021,55,Sysco,SYY,96021,2025,2025-08-22,2025-06-28,42,Wholesale Trade,2.612629,0.636363,0.545455,11.022572178834904,16,1.4681394708757693,2025,,,,,,,,,,,,,,,,,
AXP_2023_4962,56,American Express,AXP,4962,2023,2024-02-09,2023-12-31,52,Finance and Insurance,3.802019,0.6875,0.6875,11.371315816637281,33,1.3334730391185028,2024,,,,,,,,,,,,,,,,,
AXP_2024_4962,56,American Express,AXP,4962,2024,2025-02-07,2024-12-31,52,Finance and Insurance,5.621451,0.785714,0.785714,11.39577348015937,50,1.2791104590368123,2025,,,,,,,,,,,,,,,,,
AXP_2025_4962,56,American Express,AXP,4962,2025,2026-02-06,2025-12-31,52,Finance and Insurance,1.461725,0.729729,0.702703,11.39567228891345,13,1.4233073920055732,2026,,,,,,,,,,,,,,,,,
ACI_2023_1646972,57,Albertsons,ACI,1646972,2023,2023-04-25,2023-02-25,44-45,Retail Trade,0.0,0.0,0.0,10.936600858971541,0,0.0,2023,,,,,,,,,,,,,,,,,
ACI_2024_1646972,57,Albertsons,ACI,1646972,2024,2024-04-22,2024-02-24,44-45,Retail Trade,0.79003,0.888889,0.888889,10.832319315904593,4,0.6837384734241331,2024,,,,,,,,,,,,,,,,,
ACI_2025_1646972,57,Albertsons,ACI,1646972,2025,2025-04-21,2025-02-22,44-45,Retail Trade,0.805802,0.909091,0.909091,10.812552239318544,4,0.9164645752099725,2025,,,,,,,,,,,,,,,,,
ADM_2023_7084,58,Archer Daniels Midland,ADM,7084,2023,2024-03-12,2023-12-31,31-33,Manufacturing,0.83612,0.8,0.8,10.998760939938723,5,1.0549201679861442,2024,,,,,,,,,,,,,,,,,
ADM_2024_7084,58,Archer Daniels Midland,ADM,7084,2024,2025-02-20,2024-12-31,31-33,Manufacturing,0.735118,0.941176,0.941176,10.904358374883346,4,0.5783264141021558,2025,,,,,,,,,,,,,,,,,
ADM_2025_7084,58,Archer Daniels Midland,ADM,7084,2025,2026-02-17,2025-12-31,31-33,Manufacturing,0.780564,1.000001,1.0,10.844373331265663,4,0.6779098047266565,2026,,,,,,,,,,,,,,,,,
MET_2023_1099219,59,MetLife,MET,1099219,2023,2024-02-16,2023-12-31,52,Finance and Insurance,0.541396,1.0,1.0,12.021169759971952,9,0.5859523508044762,2024,,,,,,,,,,,,,,,,,
MET_2024_1099219,59,MetLife,MET,1099219,2024,2025-02-21,2024-12-31,52,Finance and Insurance,0.44761,0.769231,0.769231,11.960082589020228,7,0.7902675455311802,2025,,,,,,,,,,,,,,,,,
MET_2025_1099219,59,MetLife,MET,1099219,2025,2026-02-19,2025-12-31,52,Finance and Insurance,0.310567,0.615384,0.538462,11.989134798937467,5,1.2658564860154855,2026,,,,,,,,,,,,,,,,,
HCA_2023_860730,60,HCA Healthcare,HCA,860730,2023,2024-02-16,2023-12-31,62,Health Care and Social Assistance,2.271598,1.0,1.0,11.162445577694408,16,0.8599668730530619,2024,,,,,,,,,,,,,,,,,
HCA_2024_860730,60,HCA Healthcare,HCA,860730,2024,2025-02-14,2024-12-31,62,Health Care and Social Assistance,1.683691,0.96875,0.96875,11.17425882240048,12,0.6722158648096405,2025,,,,,,,,,,,,,,,,,
HCA_2025_860730,60,HCA Healthcare,HCA,860730,2025,2026-02-10,2025-12-31,62,Health Care and Social Assistance,2.272017,0.804879,0.682927,11.162260993328179,16,1.1057120158650242,2026,,,,,,,,,,,,,,,,,
LMT_2023_936468,61,Lockheed Martin,LMT,936468,2023,2024-01-23,2023-12-31,31-33,Manufacturing,0.458113,0.333333,0.0,11.08959165831958,3,1.098612190055321,2024,,,,,,,,,,,,,,,,,
LMT_2024_936468,61,Lockheed Martin,LMT,936468,2024,2025-01-28,2024-12-31,31-33,Manufacturing,1.069862,0.2,-0.4,11.088720864237898,7,0.9502705392332347,2025,,,,,,,,,,,,,,,,,
LMT_2025_936468,61,Lockheed Martin,LMT,936468,2025,2026-01-29,2025-12-31,31-33,Manufacturing,0.944956,0.166667,-0.333333,11.058716441623133,6,1.0114044957559118,2026,,,,,,,,,,,,,,,,,
COF_2023_927628,63,Capital One Financial,COF,927628,2023,2024-02-23,2023-12-31,52,Finance and Insurance,0.457674,0.6,0.6,11.601375806154113,5,1.2431739905491972,2024,,,,,,,,,,,,,,,,,
COF_2024_927628,63,Capital One Financial,COF,927628,2024,2025-02-20,2024-12-31,52,Finance and Insurance,0.708347,0.733334,0.733333,11.63460312892873,8,1.2370189610057105,2025,,,,,,,,,,,,,,,,,
COF_2025_927628,63,Capital One Financial,COF,927628,2025,2026-02-19,2025-12-31,52,Finance and Insurance,0.95761,0.795918,0.77551,11.738561906450128,12,1.229959006403624,2026,,,,,,,,,,,,,,,,,
ALL_2023_899051,64,Allstate,ALL,899051,2023,2024-02-21,2023-12-31,52,Finance and Insurance,0.38047,0.5,0.5,11.562981494260894,4,0.6931471805599453,2024,,,,,,,,,,,,,,,,,
ALL_2024_899051,64,Allstate,ALL,899051,2024,2025-02-24,2024-12-31,52,Finance and Insurance,1.115234,0.666666,0.666667,11.499171308737566,11,1.2148894390589664,2025,,,,,,,,,,,,,,,,,
ALL_2025_899051,64,Allstate,ALL,899051,2025,2026-02-20,2025-12-31,52,Finance and Insurance,1.087323,0.5,0.5,11.429206842726833,10,1.2206072645530175,2026,,,,,,,,,,,,,,,,,
CAT_2023_18230,65,Caterpillar,CAT,18230,2023,2024-02-16,2023-12-31,31-33,Manufacturing,0.321053,0.0,0.0,11.039636444732963,2,-0.0,2024,,,,,,,,,,,,,,,,,
CAT_2024_18230,65,Caterpillar,CAT,18230,2024,2025-02-14,2024-12-31,31-33,Manufacturing,0.479946,0.0,-0.333333,11.04303382945296,3,0.6365139372455026,2025,,,,,,,,,,,,,,,,,
CAT_2025_18230,65,Caterpillar,CAT,18230,2025,2026-02-13,2025-12-31,31-33,Manufacturing,0.637897,0.0,-0.25,11.04621241582256,4,0.5623351446188083,2026,,,,,,,,,,,,,,,,,
IBM_2023_51143,66,IBM,IBM,51143,2023,2024-02-26,2023-12-31,31-33,Manufacturing,1.50278,0.416667,0.083333,9.901635839172654,3,1.3579780860358848,2024,,,,,,,,,,,,,,,,,
IBM_2024_51143,66,IBM,IBM,51143,2024,2025-02-25,2024-12-31,31-33,Manufacturing,3.901487,0.565218,0.347826,9.92842403782616,8,1.5088842545545869,2025,,,,,,,,,,,,,,,,,
IBM_2025_51143,66,IBM,IBM,51143,2025,2026-02-24,2025-12-31,31-33,Manufacturing,1.015589,0.47619,0.190476,9.888018521632196,2,1.480515287735179,2026,,,,,,,,,,,,,,,,,
LLY_2023_59478,67,Eli Lilly,LLY,59478,2023,2024-02-21,2023-12-31,31-33,Manufacturing,0.659109,1.0,1.0,11.01350126392868,4,0.25731973980645734,2024,,,,,,,,,,,,,,,,,
LLY_2024_59478,67,Eli Lilly,LLY,59478,2024,2025-02-19,2024-12-31,31-33,Manufacturing,0.665635,1.0,1.0,11.003648641194088,4,0.4634135588264299,2025,,,,,,,,,,,,,,,,,
LLY_2025_59478,67,Eli Lilly,LLY,59478,2025,2026-02-12,2025-12-31,31-33,Manufacturing,0.944394,1.0,1.0,10.876990030161393,5,0.5181862130502128,2026,,,,,,,,,,,,,,,,,
MRK_2023_310158,68,Merck,MRK,310158,2023,2024-02-26,2023-12-31,31-33,Manufacturing,0.222747,1.0,1.0,11.405206615071435,2,0.6931471805599453,2024,,,,,,,,,,,,,,,,,
MRK_2024_310158,68,Merck,MRK,310158,2024,2025-02-25,2024-12-31,31-33,Manufacturing,0.439522,1.000001,1.0,11.418702693722858,4,0.8675635581420601,2025,,,,,,,,,,,,,,,,,
MRK_2025_310158,68,Merck,MRK,310158,2025,2026-02-24,2025-12-31,31-33,Manufacturing,0.531474,1.0,1.0,11.451879504403088,5,0.5982693267877054,2026,,,,,,,,,,,,,,,,,
AVGO_2023_1730168,70,Broadcom,AVGO,1730168,2023,2023-12-14,2023-10-29,31-33,Manufacturing,3.286171,0.1875,-0.5,10.910989164463667,18,0.9507489270509151,2023,,,,,,,,,,,,,,,,,
AVGO_2024_1730168,70,Broadcom,AVGO,1730168,2024,2024-12-20,2024-11-03,31-33,Manufacturing,5.192108,0.124999,-0.4375,10.895405102533275,28,1.0555001467338003,2024,,,,,,,,,,,,,,,,,
AVGO_2025_1730168,70,Broadcom,AVGO,1730168,2025,2025-12-18,2025-11-02,31-33,Manufacturing,4.836806,0.095238,-0.380952,10.852961578200516,25,1.0366958316141204,2025,,,,,,,,,,,,,,,,,
DAL_2023_27904,71,Delta Air Lines,DAL,27904,2023,2024-02-12,2023-12-31,48-49,Transportation and Warehousing,0.0,0.0,0.0,10.908173703172075,0,0.0,2024,,,,,,,,,,,,,,,,,
DAL_2024_27904,71,Delta Air Lines,DAL,27904,2024,2025-02-11,2024-12-31,48-49,Transportation and Warehousing,0.0,0.0,0.0,10.855184037540836,0,0.0,2025,,,,,,,,,,,,,,,,,
DAL_2025_27904,71,Delta Air Lines,DAL,27904,2025,2026-02-11,2025-12-31,48-49,Transportation and Warehousing,0.197906,0.583334,0.166667,10.830302707866496,1,1.3086058735818746,2026,,,,,,,,,,,,,,,,,
PFE_2023_78003,73,Pfizer,PFE,78003,2023,2024-02-22,2023-12-31,31-33,Manufacturing,0.618544,1.0,1.0,11.482486875829661,6,1.0114044957559118,2024,,,,,,,,,,,,,,,,,
PFE_2024_78003,73,Pfizer,PFE,78003,2024,2025-02-27,2024-12-31,31-33,Manufacturing,0.105511,0.777777,0.777778,11.459282042773326,1,1.3689219918173587,2025,,,,,,,,,,,,,,,,,
PFE_2025_78003,73,Pfizer,PFE,78003,2025,2026-02-26,2025-12-31,31-33,Manufacturing,0.961919,0.709677,0.677419,11.44639028516908,9,1.1647824229197121,2026,,,,,,,,,,,,,,,,,
SNX_2023_1177394,74,TD Synnex,SNX,1177394,2023,2024-01-26,2023-11-30,42,Wholesale Trade,0.751287,0.0,-0.6,10.882602837543518,4,0.6730116670092565,2024,,,,,,,,,,,,,,,,,
SNX_2024_1177394,74,TD Synnex,SNX,1177394,2024,2025-01-24,2024-11-30,42,Wholesale Trade,0.983574,0.166667,-0.166667,10.83634037270926,5,1.011404495755912,2025,,,,,,,,,,,,,,,,,
SNX_2025_1177394,74,TD Synnex,SNX,1177394,2025,2026-01-27,2025-11-30,42,Wholesale Trade,0.954617,0.65,0.45,10.866222842652885,5,1.2348391579906925,2026,,,,,,,,,,,,,,,,,
COP_2023_1163165,75,ConocoPhillips,COP,1163165,2023,2024-02-15,2023-12-31,31-33,Manufacturing,0.13579,1.0,1.0,11.206984373246167,1,-0.0,2024,,,,,,,,,,,,,,,,,
COP_2024_1163165,75,ConocoPhillips,COP,1163165,2024,2025-02-18,2024-12-31,31-33,Manufacturing,0.134347,1.0,1.0,11.21766810568071,1,-0.0,2025,,,,,,,,,,,,,,,,,
COP_2025_1163165,75,ConocoPhillips,COP,1163165,2025,2026-02-17,2025-12-31,31-33,Manufacturing,0.144758,1.0,1.0,11.143035008125729,1,-0.0,2026,,,,,,,,,,,,,,,,,
GLXY_2025_1859392,76,Galaxy Digital,GLXY,1859392,2025,2026-02-26,2025-12-31,52,Finance and Insurance,0.875465,0.275,0.1125,11.645925466431473,10,1.1870610474925125,2026,,,,,,,,,,,,,,,,,
ABBV_2023_1551152,77,AbbVie,ABBV,1551152,2023,2024-02-20,2023-12-31,31-33,Manufacturing,0.0,0.0,0.0,10.98334166827565,0,0.0,2024,,,,,,,,,,,,,,,,,
ABBV_2024_1551152,77,AbbVie,ABBV,1551152,2024,2025-02-14,2024-12-31,31-33,Manufacturing,0.327514,0.75,0.75,11.019710525463898,2,1.0397207708399179,2025,,,,,,,,,,,,,,,,,
ABBV_2025_1551152,77,AbbVie,ABBV,1551152,2025,2026-02-20,2025-12-31,31-33,Manufacturing,0.330956,0.6,0.4,11.009257497290836,2,1.6094379124341005,2026,,,,,,,,,,,,,,,,,
PRU_2023_1137774,78,Prudential Financial,PRU,1137774,2023,2024-02-21,2023-12-31,52,Finance and Insurance,0.779946,0.8,0.8,12.166921129982683,15,1.2206072645530175,2024,,,,,,,,,,,,,,,,,
PRU_2024_1137774,78,Prudential Financial,PRU,1137774,2024,2025-02-13,2024-12-31,52,Finance and Insurance,1.105699,0.9,0.9,12.105594635463769,20,1.0250939117917865,2025,,,,,,,,,,,,,,,,,
PRU_2025_1137774,78,Prudential Financial,PRU,1137774,2025,2026-02-12,2025-12-31,52,Finance and Insurance,0.725229,0.913044,0.913043,12.016514971071592,12,1.126241780062339,2026,,,,,,,,,,,,,,,,,
TJX_2023_109198,79,TJX,TJX,109198,2023,2023-03-29,2023-01-28,44-45,Retail Trade,0.0,0.0,0.0,10.602939814230668,0,0.0,2023,,,,,,,,,,,,,,,,,
TJX_2024_109198,79,TJX,TJX,109198,2024,2024-04-03,2024-02-03,44-45,Retail Trade,0.0,0.0,0.0,10.615481020892434,0,0.0,2024,,,,,,,,,,,,,,,,,
TJX_2025_109198,79,TJX,TJX,109198,2025,2025-04-02,2025-02-01,44-45,Retail Trade,0.950344,0.5,0.5,10.647565461764616,4,0.6931471805599453,2025,,,,,,,,,,,,,,,,,
PFGC_2023_1618673,80,Performance Food Group,PFGC,1618673,2023,2023-08-16,2023-07-01,42,Wholesale Trade,0.0,0.0,0.0,10.787172444661369,0,0.0,2023,,,,,,,,,,,,,,,,,
PFGC_2024_1618673,80,Performance Food Group,PFGC,1618673,2024,2024-08-14,2024-06-29,42,Wholesale Trade,0.405704,1.0,1.0,10.80561850625225,2,0.6365139372455026,2024,,,,,,,,,,,,,,,,,
PFGC_2025_1618673,80,Performance Food Group,PFGC,1618673,2025,2025-08-13,2025-06-28,42,Wholesale Trade,0.81591,1.0,1.0,10.800085651064547,4,0.9502705392332347,2025,,,,,,,,,,,,,,,,,
UAL_2023_100517,81,United Airlines Holdings,UAL,100517,2023,2024-02-29,2023-12-31,48-49,Transportation and Warehousing,0.149051,1.0,1.0,11.11380518579687,1,0.6365139372455026,2024,,,,,,,,,,,,,,,,,
UAL_2024_100517,81,United Airlines Holdings,UAL,100517,2024,2025-02-27,2024-12-31,48-49,Transportation and Warehousing,0.158899,0.857143,0.857143,11.049825947401231,1,0.9556994950280562,2025,,,,,,,,,,,,,,,,,
UAL_2025_100517,81,United Airlines Holdings,UAL,100517,2025,2026-02-12,2025-12-31,48-49,Transportation and Warehousing,0.157955,0.875,0.875,11.055782778120422,1,0.9002560512685369,2026,,,,,,,,,,,,,,,,,
ORCL_2023_1341439,82,Oracle,ORCL,1341439,2023,2023-06-20,2023-05-31,51,Information,1.957777,0.0,-0.769231,11.023437237851594,12,0.540203864548833,2023,,,,,,,,,,,,,,,,,
ORCL_2024_1341439,82,Oracle,ORCL,1341439,2024,2024-06-20,2024-05-31,51,Information,3.194244,0.26087,-0.347826,10.993429024756606,19,1.0844466066364555,2024,,,,,,,,,,,,,,,,,
ORCL_2025_1341439,82,Oracle,ORCL,1341439,2025,2025-06-18,2025-05-31,51,Information,3.580013,0.3,-0.166667,10.979496294994384,21,1.2625123874091084,2025,,,,,,,,,,,,,,,,,
CSCO_2023_858877,83,Cisco Systems,CSCO,858877,2023,2023-09-07,2023-07-29,31-33,Manufacturing,2.494388,0.428571,-0.095238,10.935354442257765,14,1.2105361987052614,2023,,,,,,,,,,,,,,,,,
CSCO_2024_858877,83,Cisco Systems,CSCO,858877,2024,2024-09-05,2024-07-27,31-33,Manufacturing,1.700738,0.576924,0.307692,10.981863119702801,10,1.5068187842961849,2024,,,,,,,,,,,,,,,,,
CSCO_2025_858877,83,Cisco Systems,CSCO,858877,2025,2025-09-03,2025-07-26,31-33,Manufacturing,1.589994,0.425532,0.021277,10.943834933072262,9,1.395728381163066,2025,,,,,,,,,,,,,,,,,
HPQ_2023_47217,84,HP,HPQ,47217,2023,2023-12-18,2023-10-31,31-33,Manufacturing,1.269096,0.526316,0.473684,11.05147713456689,8,1.0280956974619935,2023,,,,,,,,,,,,,,,,,
HPQ_2024_47217,84,HP,HPQ,47217,2024,2024-12-13,2024-10-31,31-33,Manufacturing,1.171313,0.545454,0.363636,10.998125286448827,7,1.3930193774500328,2024,,,,,,,,,,,,,,,,,
HPQ_2025_47217,84,HP,HPQ,47217,2025,2025-12-10,2025-10-31,31-33,Manufacturing,1.516581,0.473684,0.342105,10.991106299729372,9,1.3334428131436904,2025,,,,,,,,,,,,,,,,,
CHTR_2023_1091667,85,Charter Communications,CHTR,1091667,2023,2024-02-02,2023-12-31,51,Information,0.16864,0.888889,0.888889,10.990330857604238,1,0.6837384734241331,2024,,,,,,,,,,,,,,,,,
CHTR_2024_1091667,85,Charter Communications,CHTR,1091667,2024,2025-01-31,2024-12-31,51,Information,0.152479,0.888889,0.888889,11.091071795006501,1,0.6837384734241331,2025,,,,,,,,,,,,,,,,,
CHTR_2025_1091667,85,Charter Communications,CHTR,1091667,2025,2026-01-30,2025-12-31,51,Information,0.422779,0.916666,0.916667,11.169857524437713,3,1.0751384877340113,2026,,,,,,,,,,,,,,,,,
AAL_2023_6201,86,American Airlines Group,AAL,6201,2023,2024-02-21,2023-12-31,48-49,Transportation and Warehousing,0.087728,0.0,0.0,11.643857231492984,1,-0.0,2024,,,,,,,,,,,,,,,,,
AAL_2024_6201,86,American Airlines Group,AAL,6201,2024,2025-02-19,2024-12-31,48-49,Transportation and Warehousing,0.943501,0.952381,0.952381,11.6663930544015,11,1.073830895981231,2025,,,,,,,,,,,,,,,,,
AAL_2025_6201,86,American Airlines Group,AAL,6201,2025,2026-02-18,2025-12-31,48-49,Transportation and Warehousing,1.4103,0.964286,0.964286,11.639126304624847,16,1.0078527071150303,2026,,,,,,,,,,,,,,,,,
TSN_2023_100493,87,Tyson Foods,TSN,100493,2023,2023-11-13,2023-09-30,31-33,Manufacturing,0.928491,0.166667,0.0,11.076294714343865,6,0.8675635581420601,2023,,,,,,,,,,,,,,,,,
TSN_2024_100493,87,Tyson Foods,TSN,100493,2024,2024-11-12,2024-09-28,31-33,Manufacturing,0.326733,0.666666,0.333333,11.022098527710927,2,1.098612190055321,2024,,,,,,,,,,,,,,,,,
TSN_2025_100493,87,Tyson Foods,TSN,100493,2025,2025-11-10,2025-09-27,31-33,Manufacturing,0.481186,0.25,0.0,11.040454795080702,3,1.0397207708399179,2025,,,,,,,,,,,,,,,,,
INTC_2023_50863,88,Intel,INTC,50863,2023,2024-01-26,2023-12-30,31-33,Manufacturing,2.329679,0.131313,-0.585859,11.137198754625853,16,0.894696233852349,2024,,,,,,,,,,,,,,,,,
INTC_2024_50863,88,Intel,INTC,50863,2024,2025-01-31,2024-12-28,31-33,Manufacturing,2.836033,0.125,-0.511364,11.112373268722708,19,1.0228646283310932,2025,,,,,,,,,,,,,,,,,
INTC_2025_50863,88,Intel,INTC,50863,2025,2026-01-23,2025-12-27,31-33,Manufacturing,2.165059,0.125,-0.489583,11.210481638644469,16,1.039464776026411,2026,,,,,,,,,,,,,,,,,
EPD_2023_1061219,89,Enterprise Products Partners,EPD,1061219,2023,2024-02-28,2023-12-31,48-49,Transportation and Warehousing,0.0,0.0,0.0,11.629151733938361,0,0.0,2024,,,,,,,,,,,,,,,,,
EPD_2024_1061219,89,Enterprise Products Partners,EPD,1061219,2024,2025-02-28,2024-12-31,48-49,Transportation and Warehousing,0.0,0.0,0.0,11.608581039664324,0,0.0,2025,,,,,,,,,,,,,,,,,
EPD_2025_1061219,89,Enterprise Products Partners,EPD,1061219,2025,2026-02-27,2025-12-31,48-49,Transportation and Warehousing,0.090079,0.0,0.0,11.617411598467367,1,-0.0,2026,,,,,,,,,,,,,,,,,
INGM_2024_1897762,90,Ingram Micro Holding,INGM,1897762,2024,2025-03-05,2024-12-28,42,Wholesale Trade,1.061333,0.428571,0.142857,11.348039029257633,9,1.3720227955033817,2025,,,,,,,,,,,,,,,,,
INGM_2025_1897762,90,Ingram Micro Holding,INGM,1897762,2025,2026-03-03,2025-12-27,42,Wholesale Trade,1.573168,0.416667,0.125,11.059834015188425,10,1.4176206480680542,2026,,,,,,,,,,,,,,,,,
GD_2023_40533,91,General Dynamics,GD,40533,2023,2024-02-08,2023-12-31,31-33,Manufacturing,0.241628,0.0,-1.0,10.630697938371775,1,-0.0,2024,,,,,,,,,,,,,,,,,
GD_2024_40533,91,General Dynamics,GD,40533,2024,2025-02-07,2024-12-31,31-33,Manufacturing,0.4798,0.0,-1.0,10.637872641112319,2,-0.0,2025,,,,,,,,,,,,,,,,,
GD_2025_40533,91,General Dynamics,GD,40533,2025,2026-01-30,2025-12-31,31-33,Manufacturing,0.488759,0.0,-0.75,10.619374220065563,2,0.5623351446188083,2026,,,,,,,,,,,,,,,,,
UBER_2023_1543151,92,Uber Technologies,UBER,1543151,2023,2024-02-15,2023-12-31,56,Administrative and Support and Waste Management and Remediation Services,1.359946,0.875,0.8125,11.46784441352959,13,1.244016695792894,2024,,,,,,,,,,,,,,,,,
UBER_2024_1543151,92,Uber Technologies,UBER,1543151,2024,2025-02-14,2024-12-31,56,Administrative and Support and Waste Management and Remediation Services,1.442585,0.9375,0.9375,11.408853008297033,13,0.9868994488385301,2025,,,,,,,,,,,,,,,,,
UBER_2025_1543151,92,Uber Technologies,UBER,1543151,2025,2026-02-13,2025-12-31,56,Administrative and Support and Waste Management and Remediation Services,1.361362,0.947368,0.947368,11.386761154348415,12,1.0937709206646464,2026,,,,,,,,,,,,,,,,,
TRV_2023_86312,96,Travelers,TRV,86312,2023,2024-02-15,2023-12-31,52,Finance and Insurance,1.377814,0.384615,0.384615,11.66243108748918,16,1.0720163820537278,2024,,,,,,,,,,,,,,,,,
TRV_2024_86312,96,Travelers,TRV,86312,2024,2025-02-13,2024-12-31,52,Finance and Insurance,1.705233,0.529413,0.529412,11.672370675429878,20,1.1874170719280535,2025,,,,,,,,,,,,,,,,,
TRV_2025_86312,96,Travelers,TRV,86312,2025,2026-02-12,2025-12-31,52,Finance and Insurance,2.76162,0.586207,0.586207,11.660258672841705,32,1.2967173543216746,2026,,,,,,,,,,,,,,,,,
BMY_2023_14272,97,Bristol-Myers Squibb,BMY,14272,2023,2024-02-13,2023-12-31,31-33,Manufacturing,0.0,0.0,0.0,11.263129882658593,0,0.0,2024,,,,,,,,,,,,,,,,,
BMY_2024_14272,97,Bristol-Myers Squibb,BMY,14272,2024,2025-02-12,2024-12-31,31-33,Manufacturing,0.531894,0.833333,0.666667,11.227946402759223,4,1.0114044957559118,2025,,,,,,,,,,,,,,,,,
BMY_2025_14272,97,Bristol-Myers Squibb,BMY,14272,2025,2026-02-11,2025-12-31,31-33,Manufacturing,1.063901,0.7,0.4,11.227840018365713,8,1.313834033192747,2026,,,,,,,,,,,,,,,,,
KO_2023_21344,98,Coca-Cola,KO,21344,2023,2024-02-20,2023-12-31,31-33,Manufacturing,0.800357,0.5,0.5,11.378948258699854,7,1.0397207708399179,2024,,,,,,,,,,,,,,,,,
KO_2024_21344,98,Coca-Cola,KO,21344,2024,2025-02-20,2024-12-31,31-33,Manufacturing,1.142792,0.5,0.5,11.379451213570258,10,1.0114044957559118,2025,,,,,,,,,,,,,,,,,
KO_2025_21344,98,Coca-Cola,KO,21344,2025,2026-02-20,2025-12-31,31-33,Manufacturing,1.602307,0.375,0.375,11.377953034549302,14,0.9002560512685369,2026,,,,,,,,,,,,,,,,,
NKE_2023_320187,99,Nike,NKE,320187,2023,2023-07-20,2023-05-31,31-33,Manufacturing,0.187445,0.0,0.0,10.88461051241177,1,-0.0,2023,,,,,,,,,,,,,,,,,
NKE_2024_320187,99,Nike,NKE,320187,2024,2024-07-25,2024-05-31,31-33,Manufacturing,0.736391,0.5,0.5,10.902629352637497,4,1.0397207708399179,2024,,,,,,,,,,,,,,,,,
NKE_2025_320187,99,Nike,NKE,320187,2025,2025-07-17,2025-05-31,31-33,Manufacturing,0.376407,0.666666,0.666667,10.880572303642872,2,1.098612190055321,2025,,,,,,,,,,,,,,,,,
