row_number,ticker,target_report_year,status,reason,local_text_path,sec_document_url,word_count
1,AMZN,2023,materialized,downloaded_from_sec_document_url,data/processed/sec_10k_text/top100/chunk_01/AMZN/2023_AMZN_10k.txt,https://www.sec.gov/Archives/edgar/data/1018724/000101872424000008/amzn-20231231.htm,39933
2,AMZN,2024,materialized,downloaded_from_sec_document_url,data/processed/sec_10k_text/top100/chunk_01/AMZN/2024_AMZN_10k.txt,https://www.sec.gov/Archives/edgar/data/1018724/000101872425000004/amzn-20241231.htm,39502
3,AMZN,2025,materialized,downloaded_from_sec_document_url,data/processed/sec_10k_text/top100/chunk_01/AMZN/2025_AMZN_10k.txt,https://www.sec.gov/Archives/edgar/data/1018724/000101872426000004/amzn-20251231.htm,39943
4,WMT,2023,materialized,downloaded_from_sec_document_url,data/processed/sec_10k_text/top100/chunk_01/WMT/2023_WMT_10k.txt,https://www.sec.gov/Archives/edgar/data/104169/000010416923000020/wmt-20230131.htm,50892
5,WMT,2024,materialized,downloaded_from_sec_document_url,data/processed/sec_10k_text/top100/chunk_01/WMT/2024_WMT_10k.txt,https://www.sec.gov/Archives/edgar/data/104169/000010416924000056/wmt-20240131.htm,53582
6,WMT,2025,materialized,downloaded_from_sec_document_url,data/processed/sec_10k_text/top100/chunk_01/WMT/2025_WMT_10k.txt,https://www.sec.gov/Archives/edgar/data/104169/000010416925000021/wmt-20250131.htm,52699
7,UNH,2023,materialized,downloaded_from_sec_document_url,data/processed/sec_10k_text/top100/chunk_01/UNH/2023_UNH_10k.txt,https://www.sec.gov/Archives/edgar/data/731766/000073176624000081/unh-20231231.htm,43202
8,UNH,2024,materialized,downloaded_from_sec_document_url,data/processed/sec_10k_text/top100/chunk_01/UNH/2024_UNH_10k.txt,https://www.sec.gov/Archives/edgar/data/731766/000073176625000063/unh-20241231.htm,43703
9,UNH,2025,materialized,downloaded_from_sec_document_url,data/processed/sec_10k_text/top100/chunk_01/UNH/2025_UNH_10k.txt,https://www.sec.gov/Archives/edgar/data/731766/000073176626000062/unh-20251231.htm,45833
10,AAPL,2023,materialized,downloaded_from_sec_document_url,data/processed/sec_10k_text/top100/chunk_01/AAPL/2023_AAPL_10k.txt,https://www.sec.gov/Archives/edgar/data/320193/000032019323000106/aapl-20230930.htm,28121
11,AAPL,2024,materialized,downloaded_from_sec_document_url,data/processed/sec_10k_text/top100/chunk_01/AAPL/2024_AAPL_10k.txt,https://www.sec.gov/Archives/edgar/data/320193/000032019324000123/aapl-20240928.htm,28597
12,AAPL,2025,materialized,downloaded_from_sec_document_url,data/processed/sec_10k_text/top100/chunk_01/AAPL/2025_AAPL_10k.txt,https://www.sec.gov/Archives/edgar/data/320193/000032019325000079/aapl-20250927.htm,28894
13,GOOGL,2023,materialized,downloaded_from_sec_document_url,data/processed/sec_10k_text/top100/chunk_01/GOOGL/2023_GOOGL_10k.txt,https://www.sec.gov/Archives/edgar/data/1652044/000165204424000022/goog-20231231.htm,49233
14,GOOGL,2024,materialized,downloaded_from_sec_document_url,data/processed/sec_10k_text/top100/chunk_01/GOOGL/2024_GOOGL_10k.txt,https://www.sec.gov/Archives/edgar/data/1652044/000165204425000014/goog-20241231.htm,50582
15,GOOGL,2025,materialized,downloaded_from_sec_document_url,data/processed/sec_10k_text/top100/chunk_01/GOOGL/2025_GOOGL_10k.txt,https://www.sec.gov/Archives/edgar/data/1652044/000165204426000018/goog-20251231.htm,49493
16,CVS,2023,materialized,downloaded_from_sec_document_url,data/processed/sec_10k_text/top100/chunk_01/CVS/2023_CVS_10k.txt,https://www.sec.gov/Archives/edgar/data/64803/000006480324000007/cvs-20231231.htm,124522
17,CVS,2024,materialized,downloaded_from_sec_document_url,data/processed/sec_10k_text/top100/chunk_01/CVS/2024_CVS_10k.txt,https://www.sec.gov/Archives/edgar/data/64803/000006480325000007/cvs-20241231.htm,120171
18,CVS,2025,materialized,downloaded_from_sec_document_url,data/processed/sec_10k_text/top100/chunk_01/CVS/2025_CVS_10k.txt,https://www.sec.gov/Archives/edgar/data/64803/000006480326000010/cvs-20251231.htm,109371
19,BRK-B,2023,materialized,downloaded_from_sec_document_url,data/processed/sec_10k_text/top100/chunk_01/BRK-B/2023_BRK-B_10k.txt,https://www.sec.gov/Archives/edgar/data/1067983/000095017024019719/brka-20231231.htm,71457
20,BRK-B,2024,materialized,downloaded_from_sec_document_url,data/processed/sec_10k_text/top100/chunk_01/BRK-B/2024_BRK-B_10k.txt,https://www.sec.gov/Archives/edgar/data/1067983/000095017025025210/brka-20241231.htm,70045
21,BRK-B,2025,materialized,downloaded_from_sec_document_url,data/processed/sec_10k_text/top100/chunk_01/BRK-B/2025_BRK-B_10k.txt,https://www.sec.gov/Archives/edgar/data/1067983/000119312526083899/brka-20251231.htm,69544
22,MCK,2023,materialized,downloaded_from_sec_document_url,data/processed/sec_10k_text/top100/chunk_01/MCK/2023_MCK_10k.txt,https://www.sec.gov/Archives/edgar/data/927653/000092765323000038/mck-20230331.htm,75453
23,MCK,2024,materialized,downloaded_from_sec_document_url,data/processed/sec_10k_text/top100/chunk_01/MCK/2024_MCK_10k.txt,https://www.sec.gov/Archives/edgar/data/927653/000092765324000035/mck-20240331.htm,70217
24,MCK,2025,materialized,downloaded_from_sec_document_url,data/processed/sec_10k_text/top100/chunk_01/MCK/2025_MCK_10k.txt,https://www.sec.gov/Archives/edgar/data/927653/000092765325000036/mck-20250331.htm,68521
25,XOM,2023,materialized,downloaded_from_sec_document_url,data/processed/sec_10k_text/top100/chunk_01/XOM/2023_XOM_10k.txt,https://www.sec.gov/Archives/edgar/data/34088/000003408824000018/xom-20231231.htm,55451
26,XOM,2024,materialized,downloaded_from_sec_document_url,data/processed/sec_10k_text/top100/chunk_01/XOM/2024_XOM_10k.txt,https://www.sec.gov/Archives/edgar/data/34088/000003408825000010/xom-20241231.htm,58869
27,XOM,2025,materialized,downloaded_from_sec_document_url,data/processed/sec_10k_text/top100/chunk_01/XOM/2025_XOM_10k.txt,https://www.sec.gov/Archives/edgar/data/34088/000003408826000045/xom-20251231.htm,56022
28,COR,2023,materialized,downloaded_from_sec_document_url,data/processed/sec_10k_text/top100/chunk_01/COR/2023_COR_10k.txt,https://www.sec.gov/Archives/edgar/data/1140859/000114085923000197/cor-20230930.htm,54775
29,COR,2024,materialized,downloaded_from_sec_document_url,data/processed/sec_10k_text/top100/chunk_01/COR/2024_COR_10k.txt,https://www.sec.gov/Archives/edgar/data/1140859/000114085924000177/cor-20240930.htm,55318
30,COR,2025,materialized,downloaded_from_sec_document_url,data/processed/sec_10k_text/top100/chunk_01/COR/2025_COR_10k.txt,https://www.sec.gov/Archives/edgar/data/1140859/000114085925000131/cor-20250930.htm,57397
31,MSFT,2023,materialized,downloaded_from_sec_document_url,data/processed/sec_10k_text/top100/chunk_01/MSFT/2023_MSFT_10k.txt,https://www.sec.gov/Archives/edgar/data/789019/000095017023035122/msft-20230630.htm,47775
32,MSFT,2024,materialized,downloaded_from_sec_document_url,data/processed/sec_10k_text/top100/chunk_01/MSFT/2024_MSFT_10k.txt,https://www.sec.gov/Archives/edgar/data/789019/000095017024087843/msft-20240630.htm,50041
33,MSFT,2025,materialized,downloaded_from_sec_document_url,data/processed/sec_10k_text/top100/chunk_01/MSFT/2025_MSFT_10k.txt,https://www.sec.gov/Archives/edgar/data/789019/000095017025100235/msft-20250630.htm,44008
34,JPM,2023,materialized,downloaded_from_sec_document_url,data/processed/sec_10k_text/major_missing/JPM/2023_JPM_10k.txt,https://www.sec.gov/Archives/edgar/data/19617/000001961724000225/jpm-20231231.htm,175620
35,JPM,2024,materialized,downloaded_from_sec_document_url,data/processed/sec_10k_text/major_missing/JPM/2024_JPM_10k.txt,https://www.sec.gov/Archives/edgar/data/19617/000001961725000270/jpm-20241231.htm,171279
36,JPM,2025,materialized,downloaded_from_sec_document_url,data/processed/sec_10k_text/top100/chunk_01/JPM/2025_JPM_10k.txt,https://www.sec.gov/Archives/edgar/data/19617/000162828026008131/jpm-20251231.htm,166547
37,COST,2023,materialized,downloaded_from_sec_document_url,data/processed/sec_10k_text/top100/chunk_01/COST/2023_COST_10k.txt,https://www.sec.gov/Archives/edgar/data/909832/000090983223000042/cost-20230903.htm,28408
38,COST,2024,materialized,downloaded_from_sec_document_url,data/processed/sec_10k_text/top100/chunk_01/COST/2024_COST_10k.txt,https://www.sec.gov/Archives/edgar/data/909832/000090983224000049/cost-20240901.htm,29643
39,COST,2025,materialized,downloaded_from_sec_document_url,data/processed/sec_10k_text/top100/chunk_01/COST/2025_COST_10k.txt,https://www.sec.gov/Archives/edgar/data/909832/000090983225000101/cost-20250831.htm,28992
40,CI,2023,materialized,downloaded_from_sec_document_url,data/processed/sec_10k_text/top100/chunk_01/CI/2023_CI_10k.txt,https://www.sec.gov/Archives/edgar/data/1739940/000173994024000005/ci-20231231.htm,91301
41,CI,2024,materialized,downloaded_from_sec_document_url,data/processed/sec_10k_text/top100/chunk_01/CI/2024_CI_10k.txt,https://www.sec.gov/Archives/edgar/data/1739940/000173994025000009/ci-20241231.htm,75394
42,CI,2025,materialized,downloaded_from_sec_document_url,data/processed/sec_10k_text/top100/chunk_01/CI/2025_CI_10k.txt,https://www.sec.gov/Archives/edgar/data/1739940/000173994026000006/ci-20251231.htm,72139
43,CAH,2023,materialized,downloaded_from_sec_document_url,data/processed/sec_10k_text/top100/chunk_01/CAH/2023_CAH_10k.txt,https://www.sec.gov/Archives/edgar/data/721371/000072137123000060/cah-20230630.htm,50595
44,CAH,2024,materialized,downloaded_from_sec_document_url,data/processed/sec_10k_text/top100/chunk_01/CAH/2024_CAH_10k.txt,https://www.sec.gov/Archives/edgar/data/721371/000072137124000056/cah-20240630.htm,56467
45,CAH,2025,materialized,downloaded_from_sec_document_url,data/processed/sec_10k_text/top100/chunk_01/CAH/2025_CAH_10k.txt,https://www.sec.gov/Archives/edgar/data/721371/000072137125000079/cah-20250630.htm,52825
46,NVDA,2023,materialized,downloaded_from_sec_document_url,data/processed/sec_10k_text/top100/chunk_01/NVDA/2023_NVDA_10k.txt,https://www.sec.gov/Archives/edgar/data/1045810/000104581023000017/nvda-20230129.htm,45532
47,NVDA,2024,materialized,downloaded_from_sec_document_url,data/processed/sec_10k_text/top100/chunk_01/NVDA/2024_NVDA_10k.txt,https://www.sec.gov/Archives/edgar/data/1045810/000104581024000029/nvda-20240128.htm,48753
48,NVDA,2025,materialized,downloaded_from_sec_document_url,data/processed/sec_10k_text/top100/chunk_01/NVDA/2025_NVDA_10k.txt,https://www.sec.gov/Archives/edgar/data/1045810/000104581025000023/nvda-20250126.htm,49925
49,META,2023,materialized,downloaded_from_sec_document_url,data/processed/sec_10k_text/major_missing/META/2023_META_10k.txt,https://www.sec.gov/Archives/edgar/data/1326801/000132680124000012/meta-20231231.htm,72221
50,META,2024,materialized,downloaded_from_sec_document_url,data/processed/sec_10k_text/top100/chunk_01/META/2024_META_10k.txt,https://www.sec.gov/Archives/edgar/data/1326801/000132680125000017/meta-20241231.htm,73929
51,META,2025,materialized,downloaded_from_sec_document_url,data/processed/sec_10k_text/top100/chunk_01/META/2025_META_10k.txt,https://www.sec.gov/Archives/edgar/data/1326801/000162828026003942/meta-20251231.htm,76034
52,ELV,2023,materialized,downloaded_from_sec_document_url,data/processed/sec_10k_text/top100/chunk_01/ELV/2023_ELV_10k.txt,https://www.sec.gov/Archives/edgar/data/1156039/000115603924000015/elv-20231231.htm,81522
53,ELV,2024,materialized,downloaded_from_sec_document_url,data/processed/sec_10k_text/top100/chunk_01/ELV/2024_ELV_10k.txt,https://www.sec.gov/Archives/edgar/data/1156039/000115603925000010/elv-20241231.htm,83564
54,ELV,2025,materialized,downloaded_from_sec_document_url,data/processed/sec_10k_text/top100/chunk_01/ELV/2025_ELV_10k.txt,https://www.sec.gov/Archives/edgar/data/1156039/000115603926000013/elv-20251231.htm,80824
55,CNC,2023,materialized,downloaded_from_sec_document_url,data/processed/sec_10k_text/top100/chunk_01/CNC/2023_CNC_10k.txt,https://www.sec.gov/Archives/edgar/data/1071739/000107173924000037/cnc-20231231.htm,63157
56,CNC,2024,materialized,downloaded_from_sec_document_url,data/processed/sec_10k_text/top100/chunk_01/CNC/2024_CNC_10k.txt,https://www.sec.gov/Archives/edgar/data/1071739/000107173925000027/cnc-20241231.htm,62075
57,CNC,2025,materialized,downloaded_from_sec_document_url,data/processed/sec_10k_text/top100/chunk_01/CNC/2025_CNC_10k.txt,https://www.sec.gov/Archives/edgar/data/1071739/000107173926000049/cnc-20251231.htm,66845
58,BAC,2023,materialized,downloaded_from_sec_document_url,data/processed/sec_10k_text/major_missing/BAC/2023_BAC_10k.txt,https://www.sec.gov/Archives/edgar/data/70858/000007085824000122/bac-20231231.htm,128312
59,BAC,2024,materialized,downloaded_from_sec_document_url,data/processed/sec_10k_text/major_missing/BAC/2024_BAC_10k.txt,https://www.sec.gov/Archives/edgar/data/70858/000007085825000139/bac-20241231.htm,125904
60,BAC,2025,materialized,downloaded_from_sec_document_url,data/processed/sec_10k_text/top100/chunk_01/BAC/2025_BAC_10k.txt,https://www.sec.gov/Archives/edgar/data/70858/000007085826000157/bac-20251231.htm,126023
61,CVX,2023,materialized,downloaded_from_sec_document_url,data/processed/sec_10k_text/top100/chunk_01/CVX/2023_CVX_10k.txt,https://www.sec.gov/Archives/edgar/data/93410/000009341024000013/cvx-20231231.htm,65570
62,CVX,2024,materialized,downloaded_from_sec_document_url,data/processed/sec_10k_text/top100/chunk_01/CVX/2024_CVX_10k.txt,https://www.sec.gov/Archives/edgar/data/93410/000009341025000009/cvx-20241231.htm,66027
63,CVX,2025,materialized,downloaded_from_sec_document_url,data/processed/sec_10k_text/top100/chunk_01/CVX/2025_CVX_10k.txt,https://www.sec.gov/Archives/edgar/data/93410/000009341026000078/cvx-20251231.htm,67497
64,F,2023,materialized,downloaded_from_sec_document_url,data/processed/sec_10k_text/top100/chunk_01/F/2023_F_10k.txt,https://www.sec.gov/Archives/edgar/data/37996/000003799624000009/f-20231231.htm,91833
65,F,2024,materialized,downloaded_from_sec_document_url,data/processed/sec_10k_text/top100/chunk_01/F/2024_F_10k.txt,https://www.sec.gov/Archives/edgar/data/37996/000003799625000013/f-20241231.htm,94046
66,F,2025,materialized,downloaded_from_sec_document_url,data/processed/sec_10k_text/top100/chunk_01/F/2025_F_10k.txt,https://www.sec.gov/Archives/edgar/data/37996/000003799626000015/f-20251231.htm,94615
67,GM,2023,materialized,downloaded_from_sec_document_url,data/processed/sec_10k_text/top100/chunk_01/GM/2023_GM_10k.txt,https://www.sec.gov/Archives/edgar/data/1467858/000146785824000031/gm-20231231.htm,62294
68,GM,2024,materialized,downloaded_from_sec_document_url,data/processed/sec_10k_text/top100/chunk_01/GM/2024_GM_10k.txt,https://www.sec.gov/Archives/edgar/data/1467858/000146785825000032/gm-20241231.htm,64195
69,GM,2025,materialized,downloaded_from_sec_document_url,data/processed/sec_10k_text/top100/chunk_01/GM/2025_GM_10k.txt,https://www.sec.gov/Archives/edgar/data/1467858/000146785826000013/gm-20251231.htm,64475
70,C,2023,materialized,downloaded_from_sec_document_url,data/processed/sec_10k_text/major_missing/C/2023_C_10k.txt,https://www.sec.gov/Archives/edgar/data/831001/000083100124000033/c-20231231.htm,178610
71,C,2024,materialized,downloaded_from_sec_document_url,data/processed/sec_10k_text/major_missing/C/2024_C_10k.txt,https://www.sec.gov/Archives/edgar/data/831001/000083100125000067/c-20241231.htm,178785
72,C,2025,materialized,downloaded_from_sec_document_url,data/processed/sec_10k_text/top100/chunk_01/C/2025_C_10k.txt,https://www.sec.gov/Archives/edgar/data/831001/000083100126000011/c-20251231.htm,166879
73,HD,2023,materialized,downloaded_from_sec_document_url,data/processed/sec_10k_text/top100/chunk_01/HD/2023_HD_10k.txt,https://www.sec.gov/Archives/edgar/data/354950/000035495023000059/hd-20230129.htm,40395
74,HD,2024,materialized,downloaded_from_sec_document_url,data/processed/sec_10k_text/top100/chunk_01/HD/2024_HD_10k.txt,https://www.sec.gov/Archives/edgar/data/354950/000035495024000062/hd-20240128.htm,42033
75,HD,2025,materialized,downloaded_from_sec_document_url,data/processed/sec_10k_text/top100/chunk_01/HD/2025_HD_10k.txt,https://www.sec.gov/Archives/edgar/data/354950/000035495025000085/hd-20250202.htm,45898
76,FNMA,2023,materialized,downloaded_from_sec_document_url,data/processed/sec_10k_text/top100/chunk_02/FNMA/2023_FNMA_10k.txt,https://www.sec.gov/Archives/edgar/data/310522/000031052224000184/fnm-20231231.htm,165518
77,FNMA,2024,materialized,downloaded_from_sec_document_url,data/processed/sec_10k_text/top100/chunk_02/FNMA/2024_FNMA_10k.txt,https://www.sec.gov/Archives/edgar/data/310522/000031052225000199/fnm-20241231.htm,159926
78,FNMA,2025,materialized,downloaded_from_sec_document_url,data/processed/sec_10k_text/top100/chunk_02/FNMA/2025_FNMA_10k.txt,https://www.sec.gov/Archives/edgar/data/310522/000031052226000015/fnm-20251231.htm,156047
79,KR,2023,materialized,downloaded_from_sec_document_url,data/processed/sec_10k_text/top100/chunk_02/KR/2023_KR_10k.txt,https://www.sec.gov/Archives/edgar/data/56873/000155837023004767/kr-20230128x10k.htm,47835
80,KR,2024,materialized,downloaded_from_sec_document_url,data/processed/sec_10k_text/top100/chunk_02/KR/2024_KR_10k.txt,https://www.sec.gov/Archives/edgar/data/56873/000155837024004603/kr-20240203x10k.htm,50266
81,KR,2025,materialized,downloaded_from_sec_document_url,data/processed/sec_10k_text/top100/chunk_02/KR/2025_KR_10k.txt,https://www.sec.gov/Archives/edgar/data/56873/000155837025004267/kr-20250201x10k.htm,52058
82,VZ,2023,materialized,downloaded_from_sec_document_url,data/processed/sec_10k_text/top100/chunk_02/VZ/2023_VZ_10k.txt,https://www.sec.gov/Archives/edgar/data/732712/000073271224000010/vz-20231231.htm,66036
83,VZ,2024,materialized,downloaded_from_sec_document_url,data/processed/sec_10k_text/top100/chunk_02/VZ/2024_VZ_10k.txt,https://www.sec.gov/Archives/edgar/data/732712/000073271225000006/vz-20241231.htm,66825
84,VZ,2025,materialized,downloaded_from_sec_document_url,data/processed/sec_10k_text/top100/chunk_02/VZ/2025_VZ_10k.txt,https://www.sec.gov/Archives/edgar/data/732712/000073271226000007/vz-20251231.htm,65049
85,PSX,2023,materialized,downloaded_from_sec_document_url,data/processed/sec_10k_text/top100/chunk_02/PSX/2023_PSX_10k.txt,https://www.sec.gov/Archives/edgar/data/1534701/000153470124000078/psx-20231231.htm,75446
86,PSX,2024,materialized,downloaded_from_sec_document_url,data/processed/sec_10k_text/top100/chunk_02/PSX/2024_PSX_10k.txt,https://www.sec.gov/Archives/edgar/data/1534701/000153470125000074/psx-20241231.htm,76901
87,PSX,2025,materialized,downloaded_from_sec_document_url,data/processed/sec_10k_text/top100/chunk_02/PSX/2025_PSX_10k.txt,https://www.sec.gov/Archives/edgar/data/1534701/000153470126000006/psx-20251231.htm,76503
88,MPC,2023,materialized,downloaded_from_sec_document_url,data/processed/sec_10k_text/top100/chunk_02/MPC/2023_MPC_10k.txt,https://www.sec.gov/Archives/edgar/data/1510295/000151029524000015/mpc-20231231.htm,71267
89,MPC,2024,materialized,downloaded_from_sec_document_url,data/processed/sec_10k_text/top100/chunk_02/MPC/2024_MPC_10k.txt,https://www.sec.gov/Archives/edgar/data/1510295/000151029525000012/mpc-20241231.htm,74306
90,MPC,2025,materialized,downloaded_from_sec_document_url,data/processed/sec_10k_text/top100/chunk_02/MPC/2025_MPC_10k.txt,https://www.sec.gov/Archives/edgar/data/1510295/000151029526000009/mpc-20251231.htm,75231
91,SNEX,2023,materialized,downloaded_from_sec_document_url,data/processed/sec_10k_text/top100/chunk_02/SNEX/2023_SNEX_10k.txt,https://www.sec.gov/Archives/edgar/data/913760/000091376023000159/intl-20230930.htm,77364
92,SNEX,2024,materialized,downloaded_from_sec_document_url,data/processed/sec_10k_text/top100/chunk_02/SNEX/2024_SNEX_10k.txt,https://www.sec.gov/Archives/edgar/data/913760/000091376024000187/intl-20240930.htm,77681
93,SNEX,2025,materialized,downloaded_from_sec_document_url,data/processed/sec_10k_text/top100/chunk_02/SNEX/2025_SNEX_10k.txt,https://www.sec.gov/Archives/edgar/data/913760/000091376025000196/intl-20250930.htm,84923
94,FMCC,2023,materialized,downloaded_from_sec_document_url,data/processed/sec_10k_text/top100/chunk_02/FMCC/2023_FMCC_10k.txt,https://www.sec.gov/Archives/edgar/data/1026214/000102621424000025/fmcc-20231231.htm,149738
95,FMCC,2024,materialized,downloaded_from_sec_document_url,data/processed/sec_10k_text/top100/chunk_02/FMCC/2024_FMCC_10k.txt,https://www.sec.gov/Archives/edgar/data/1026214/000102621425000040/fmcc-20241231.htm,148862
96,FMCC,2025,materialized,downloaded_from_sec_document_url,data/processed/sec_10k_text/top100/chunk_02/FMCC/2025_FMCC_10k.txt,https://www.sec.gov/Archives/edgar/data/1026214/000102621426000021/fmcc-20251231.htm,142249
97,HUM,2023,materialized,downloaded_from_sec_document_url,data/processed/sec_10k_text/top100/chunk_02/HUM/2023_HUM_10k.txt,https://www.sec.gov/Archives/edgar/data/49071/000004907124000012/hum-20231231.htm,66559
98,HUM,2024,materialized,downloaded_from_sec_document_url,data/processed/sec_10k_text/top100/chunk_02/HUM/2024_HUM_10k.txt,https://www.sec.gov/Archives/edgar/data/49071/000004907125000007/hum-20241231.htm,63163
99,HUM,2025,materialized,downloaded_from_sec_document_url,data/processed/sec_10k_text/top100/chunk_02/HUM/2025_HUM_10k.txt,https://www.sec.gov/Archives/edgar/data/49071/000004907126000009/hum-20251231.htm,62683
100,T,2023,materialized,downloaded_from_sec_document_url,data/processed/sec_10k_text/top100/chunk_02/T/2023_T_10k.txt,https://www.sec.gov/Archives/edgar/data/732717/000073271724000009/t-20231231.htm,56905
101,T,2024,materialized,downloaded_from_sec_document_url,data/processed/sec_10k_text/top100/chunk_02/T/2024_T_10k.txt,https://www.sec.gov/Archives/edgar/data/732717/000073271725000013/t-20241231.htm,53722
102,T,2025,materialized,downloaded_from_sec_document_url,data/processed/sec_10k_text/top100/chunk_02/T/2025_T_10k.txt,https://www.sec.gov/Archives/edgar/data/732717/000073271726000120/t-20251231.htm,52516
103,GS,2023,materialized,downloaded_from_sec_document_url,data/processed/sec_10k_text/major_missing/GS/2023_GS_10k.txt,https://www.sec.gov/Archives/edgar/data/886982/000088698224000006/gs-20231231.htm,162710
104,GS,2024,materialized,downloaded_from_sec_document_url,data/processed/sec_10k_text/major_missing/GS/2024_GS_10k.txt,https://www.sec.gov/Archives/edgar/data/886982/000088698225000005/gs-20241231.htm,161723
105,GS,2025,materialized,downloaded_from_sec_document_url,data/processed/sec_10k_text/top100/chunk_02/GS/2025_GS_10k.txt,https://www.sec.gov/Archives/edgar/data/886982/000088698226000091/gs-20251231.htm,158738
106,CMCSA,2023,materialized,downloaded_from_sec_document_url,data/processed/sec_10k_text/top100/chunk_02/CMCSA/2023_CMCSA_10k.txt,https://www.sec.gov/Archives/edgar/data/1166691/000116669124000011/cmcsa-20231231.htm,56981
107,CMCSA,2024,materialized,downloaded_from_sec_document_url,data/processed/sec_10k_text/top100/chunk_02/CMCSA/2024_CMCSA_10k.txt,https://www.sec.gov/Archives/edgar/data/1166691/000116669125000011/cmcsa-20241231.htm,54632
108,CMCSA,2025,materialized,downloaded_from_sec_document_url,data/processed/sec_10k_text/top100/chunk_02/CMCSA/2025_CMCSA_10k.txt,https://www.sec.gov/Archives/edgar/data/1166691/000162828026004994/cmcsa-20251231.htm,56482
109,WFC,2023,materialized,downloaded_from_sec_document_url,data/processed/sec_10k_text/major_missing/WFC/2023_WFC_10k.txt,https://www.sec.gov/Archives/edgar/data/72971/000007297124000064/wfc-20231231.htm,24139
110,WFC,2024,materialized,downloaded_from_sec_document_url,data/processed/sec_10k_text/top100/chunk_02/WFC/2024_WFC_10k.txt,https://www.sec.gov/Archives/edgar/data/72971/000007297125000066/wfc-20241231.htm,23434
111,WFC,2025,materialized,downloaded_from_sec_document_url,data/processed/sec_10k_text/top100/chunk_02/WFC/2025_WFC_10k.txt,https://www.sec.gov/Archives/edgar/data/72971/000007297126000133/wfc-20251231_d2.htm,12916
112,MS,2023,materialized,downloaded_from_sec_document_url,data/processed/sec_10k_text/major_missing/MS/2023_MS_10k.txt,https://www.sec.gov/Archives/edgar/data/895421/000089542124000300/ms-20231231.htm,110697
113,MS,2024,materialized,downloaded_from_sec_document_url,data/processed/sec_10k_text/major_missing/MS/2024_MS_10k.txt,https://www.sec.gov/Archives/edgar/data/895421/000089542125000304/ms-20241231.htm,110706
114,MS,2025,materialized,downloaded_from_sec_document_url,data/processed/sec_10k_text/top100/chunk_02/MS/2025_MS_10k.txt,https://www.sec.gov/Archives/edgar/data/895421/000089542126000086/ms-20251231.htm,110617
115,VLO,2023,materialized,downloaded_from_sec_document_url,data/processed/sec_10k_text/top100/chunk_02/VLO/2023_VLO_10k.txt,https://www.sec.gov/Archives/edgar/data/1035002/000103500224000007/vlo-20231231.htm,58291
116,VLO,2024,materialized,downloaded_from_sec_document_url,data/processed/sec_10k_text/top100/chunk_02/VLO/2024_VLO_10k.txt,https://www.sec.gov/Archives/edgar/data/1035002/000103500225000005/vlo-20241231.htm,57546
117,VLO,2025,materialized,downloaded_from_sec_document_url,data/processed/sec_10k_text/top100/chunk_02/VLO/2025_VLO_10k.txt,https://www.sec.gov/Archives/edgar/data/1035002/000162828026011499/vlo-20251231.htm,59083
118,DELL,2023,materialized,downloaded_from_sec_document_url,data/processed/sec_10k_text/top100/chunk_02/DELL/2023_DELL_10k.txt,https://www.sec.gov/Archives/edgar/data/1571996/000157199623000007/dell-20230203.htm,77299
119,DELL,2024,materialized,downloaded_from_sec_document_url,data/processed/sec_10k_text/top100/chunk_02/DELL/2024_DELL_10k.txt,https://www.sec.gov/Archives/edgar/data/1571996/000157199624000036/dell-20240202.htm,75146
120,DELL,2025,materialized,downloaded_from_sec_document_url,data/processed/sec_10k_text/top100/chunk_02/DELL/2025_DELL_10k.txt,https://www.sec.gov/Archives/edgar/data/1571996/000157199625000034/dell-20250131.htm,75141
121,TGT,2023,materialized,downloaded_from_sec_document_url,data/processed/sec_10k_text/top100/chunk_02/TGT/2023_TGT_10k.txt,https://www.sec.gov/Archives/edgar/data/27419/000002741923000015/tgt-20230128.htm,27380
122,TGT,2024,materialized,downloaded_from_sec_document_url,data/processed/sec_10k_text/top100/chunk_02/TGT/2024_TGT_10k.txt,https://www.sec.gov/Archives/edgar/data/27419/000002741924000032/tgt-20240203.htm,29139
123,TGT,2025,materialized,downloaded_from_sec_document_url,data/processed/sec_10k_text/top100/chunk_02/TGT/2025_TGT_10k.txt,https://www.sec.gov/Archives/edgar/data/27419/000002741925000018/tgt-20250201.htm,31569
124,TSLA,2023,materialized,downloaded_from_sec_document_url,data/processed/sec_10k_text/top100/chunk_02/TSLA/2023_TSLA_10k.txt,https://www.sec.gov/Archives/edgar/data/1318605/000162828024002390/tsla-20231231.htm,57140
125,TSLA,2024,materialized,downloaded_from_sec_document_url,data/processed/sec_10k_text/top100/chunk_02/TSLA/2024_TSLA_10k.txt,https://www.sec.gov/Archives/edgar/data/1318605/000162828025003063/tsla-20241231.htm,55180
126,TSLA,2025,materialized,downloaded_from_sec_document_url,data/processed/sec_10k_text/top100/chunk_02/TSLA/2025_TSLA_10k.txt,https://www.sec.gov/Archives/edgar/data/1318605/000162828026003952/tsla-20251231.htm,57185
127,DIS,2023,materialized,downloaded_from_sec_document_url,data/processed/sec_10k_text/top100/chunk_02/DIS/2023_DIS_10k.txt,https://www.sec.gov/Archives/edgar/data/1744489/000174448923000216/dis-20230930.htm,64458
128,DIS,2024,materialized,downloaded_from_sec_document_url,data/processed/sec_10k_text/top100/chunk_02/DIS/2024_DIS_10k.txt,https://www.sec.gov/Archives/edgar/data/1744489/000174448924000276/dis-20240928.htm,63484
129,DIS,2025,materialized,downloaded_from_sec_document_url,data/processed/sec_10k_text/top100/chunk_02/DIS/2025_DIS_10k.txt,https://www.sec.gov/Archives/edgar/data/1744489/000174448925000155/dis-20250927.htm,62636
130,JNJ,2023,materialized,downloaded_from_sec_document_url,data/processed/sec_10k_text/top100/chunk_02/JNJ/2023_JNJ_10k.txt,https://www.sec.gov/Archives/edgar/data/200406/000020040624000013/jnj-20231231.htm,61596
131,JNJ,2024,materialized,downloaded_from_sec_document_url,data/processed/sec_10k_text/top100/chunk_02/JNJ/2024_JNJ_10k.txt,https://www.sec.gov/Archives/edgar/data/200406/000020040625000038/jnj-20241229.htm,62188
132,JNJ,2025,materialized,downloaded_from_sec_document_url,data/processed/sec_10k_text/top100/chunk_02/JNJ/2025_JNJ_10k.txt,https://www.sec.gov/Archives/edgar/data/200406/000020040626000016/jnj-20251228.htm,61745
133,PEP,2023,materialized,downloaded_from_sec_document_url,data/processed/sec_10k_text/top100/chunk_02/PEP/2023_PEP_10k.txt,https://www.sec.gov/Archives/edgar/data/77476/000007747624000008/pep-20231230.htm,60823
134,PEP,2024,materialized,downloaded_from_sec_document_url,data/processed/sec_10k_text/top100/chunk_02/PEP/2024_PEP_10k.txt,https://www.sec.gov/Archives/edgar/data/77476/000007747625000007/pep-20241228.htm,61619
135,PEP,2025,materialized,downloaded_from_sec_document_url,data/processed/sec_10k_text/top100/chunk_02/PEP/2025_PEP_10k.txt,https://www.sec.gov/Archives/edgar/data/77476/000007747626000007/pep-20251227.htm,59980
136,BA,2023,materialized,downloaded_from_sec_document_url,data/processed/sec_10k_text/top100/chunk_02/BA/2023_BA_10k.txt,https://www.sec.gov/Archives/edgar/data/12927/000001292724000010/ba-20231231.htm,54481
137,BA,2024,materialized,downloaded_from_sec_document_url,data/processed/sec_10k_text/top100/chunk_02/BA/2024_BA_10k.txt,https://www.sec.gov/Archives/edgar/data/12927/000001292725000015/ba-20241231.htm,59448
138,BA,2025,materialized,downloaded_from_sec_document_url,data/processed/sec_10k_text/top100/chunk_02/BA/2025_BA_10k.txt,https://www.sec.gov/Archives/edgar/data/12927/000162828026004357/ba-20251231.htm,60122
139,UPS,2023,materialized,downloaded_from_sec_document_url,data/processed/sec_10k_text/top100/chunk_02/UPS/2023_UPS_10k.txt,https://www.sec.gov/Archives/edgar/data/1090727/000109072724000008/ups-20231231.htm,64772
140,UPS,2024,materialized,downloaded_from_sec_document_url,data/processed/sec_10k_text/top100/chunk_02/UPS/2024_UPS_10k.txt,https://www.sec.gov/Archives/edgar/data/1090727/000109072725000019/ups-20241231.htm,68107
141,UPS,2025,materialized,downloaded_from_sec_document_url,data/processed/sec_10k_text/top100/chunk_02/UPS/2025_UPS_10k.txt,https://www.sec.gov/Archives/edgar/data/1090727/000162828026008432/ups-20251231.htm,63188
142,RTX,2023,materialized,downloaded_from_sec_document_url,data/processed/sec_10k_text/top100/chunk_02/RTX/2023_RTX_10k.txt,https://www.sec.gov/Archives/edgar/data/101829/000010182924000008/rtx-20231231.htm,78475
143,RTX,2024,materialized,downloaded_from_sec_document_url,data/processed/sec_10k_text/top100/chunk_02/RTX/2024_RTX_10k.txt,https://www.sec.gov/Archives/edgar/data/101829/000010182925000005/rtx-20241231.htm,84314
144,RTX,2025,materialized,downloaded_from_sec_document_url,data/processed/sec_10k_text/top100/chunk_02/RTX/2025_RTX_10k.txt,https://www.sec.gov/Archives/edgar/data/101829/000010182926000006/rtx-20251231.htm,77335
145,FDX,2023,materialized,downloaded_from_sec_document_url,data/processed/sec_10k_text/top100/chunk_02/FDX/2023_FDX_10k.txt,https://www.sec.gov/Archives/edgar/data/1048911/000095017023033201/fdx-20230531.htm,73200
146,FDX,2024,materialized,downloaded_from_sec_document_url,data/processed/sec_10k_text/top100/chunk_02/FDX/2024_FDX_10k.txt,https://www.sec.gov/Archives/edgar/data/1048911/000095017024083577/fdx-20240531.htm,75805
147,FDX,2025,materialized,downloaded_from_sec_document_url,data/processed/sec_10k_text/top100/chunk_02/FDX/2025_FDX_10k.txt,https://www.sec.gov/Archives/edgar/data/1048911/000104891125000011/fdx-20250531.htm,75594
148,PGR,2023,materialized,downloaded_from_sec_document_url,data/processed/sec_10k_text/top100/chunk_03/PGR/2023_PGR_10k.txt,https://www.sec.gov/Archives/edgar/data/80661/000008066124000007/pgr-20231231.htm,31937
149,PGR,2024,materialized,downloaded_from_sec_document_url,data/processed/sec_10k_text/top100/chunk_03/PGR/2024_PGR_10k.txt,https://www.sec.gov/Archives/edgar/data/80661/000008066125000007/pgr-20241231.htm,30889
150,PGR,2025,materialized,downloaded_from_sec_document_url,data/processed/sec_10k_text/top100/chunk_03/PGR/2025_PGR_10k.txt,https://www.sec.gov/Archives/edgar/data/80661/000008066126000086/pgr-20251231.htm,30534
151,LOW,2023,materialized,downloaded_from_sec_document_url,data/processed/sec_10k_text/top100/chunk_03/LOW/2023_LOW_10k.txt,https://www.sec.gov/Archives/edgar/data/60667/000006066723000034/low-20230203.htm,41432
152,LOW,2024,materialized,downloaded_from_sec_document_url,data/processed/sec_10k_text/top100/chunk_03/LOW/2024_LOW_10k.txt,https://www.sec.gov/Archives/edgar/data/60667/000006066724000033/low-20240202.htm,40866
153,LOW,2025,materialized,downloaded_from_sec_document_url,data/processed/sec_10k_text/top100/chunk_03/LOW/2025_LOW_10k.txt,https://www.sec.gov/Archives/edgar/data/60667/000006066725000049/low-20250131.htm,39568
154,ET,2023,materialized,downloaded_from_sec_document_url,data/processed/sec_10k_text/top100/chunk_03/ET/2023_ET_10k.txt,https://www.sec.gov/Archives/edgar/data/1276187/000127618724000024/et-20231231.htm,154192
155,ET,2024,materialized,downloaded_from_sec_document_url,data/processed/sec_10k_text/top100/chunk_03/ET/2024_ET_10k.txt,https://www.sec.gov/Archives/edgar/data/1276187/000127618725000018/et-20241231.htm,157988
156,ET,2025,materialized,downloaded_from_sec_document_url,data/processed/sec_10k_text/top100/chunk_03/ET/2025_ET_10k.txt,https://www.sec.gov/Archives/edgar/data/1276187/000127618726000013/et-20251231.htm,162490
157,PG,2023,materialized,downloaded_from_sec_document_url,data/processed/sec_10k_text/top100/chunk_03/PG/2023_PG_10k.txt,https://www.sec.gov/Archives/edgar/data/80424/000008042423000073/pg-20230630.htm,41379
158,PG,2024,materialized,downloaded_from_sec_document_url,data/processed/sec_10k_text/top100/chunk_03/PG/2024_PG_10k.txt,https://www.sec.gov/Archives/edgar/data/80424/000008042424000083/pg-20240630.htm,42242
159,PG,2025,materialized,downloaded_from_sec_document_url,data/processed/sec_10k_text/top100/chunk_03/PG/2025_PG_10k.txt,https://www.sec.gov/Archives/edgar/data/80424/000008042425000076/pg-20250630.htm,42692
160,SYY,2023,materialized,downloaded_from_sec_document_url,data/processed/sec_10k_text/top100/chunk_03/SYY/2023_SYY_10k.txt,https://www.sec.gov/Archives/edgar/data/96021/000009602123000117/syy-20230701.htm,60096
161,SYY,2024,materialized,downloaded_from_sec_document_url,data/processed/sec_10k_text/top100/chunk_03/SYY/2024_SYY_10k.txt,https://www.sec.gov/Archives/edgar/data/96021/000009602124000128/syy-20240629.htm,61381
162,SYY,2025,materialized,downloaded_from_sec_document_url,data/processed/sec_10k_text/top100/chunk_03/SYY/2025_SYY_10k.txt,https://www.sec.gov/Archives/edgar/data/96021/000009602125000099/syy-20250628.htm,61241
163,AXP,2023,materialized,downloaded_from_sec_document_url,data/processed/sec_10k_text/top100/chunk_03/AXP/2023_AXP_10k.txt,https://www.sec.gov/Archives/edgar/data/4962/000000496224000013/axp-20231231.htm,86796
164,AXP,2024,materialized,downloaded_from_sec_document_url,data/processed/sec_10k_text/top100/chunk_03/AXP/2024_AXP_10k.txt,https://www.sec.gov/Archives/edgar/data/4962/000000496225000016/axp-20241231.htm,88945
165,AXP,2025,materialized,downloaded_from_sec_document_url,data/processed/sec_10k_text/top100/chunk_03/AXP/2025_AXP_10k.txt,https://www.sec.gov/Archives/edgar/data/4962/000000496226000080/axp-20251231.htm,88936
166,ACI,2023,materialized,downloaded_from_sec_document_url,data/processed/sec_10k_text/top100/chunk_03/ACI/2023_ACI_10k.txt,https://www.sec.gov/Archives/edgar/data/1646972/000164697223000045/aci-20230225.htm,56196
167,ACI,2024,materialized,downloaded_from_sec_document_url,data/processed/sec_10k_text/top100/chunk_03/ACI/2024_ACI_10k.txt,https://www.sec.gov/Archives/edgar/data/1646972/000164697224000060/aci-20240224.htm,50631
168,ACI,2025,materialized,downloaded_from_sec_document_url,data/processed/sec_10k_text/top100/chunk_03/ACI/2025_ACI_10k.txt,https://www.sec.gov/Archives/edgar/data/1646972/000164697225000052/aci-20250222.htm,49640
169,ADM,2023,materialized,downloaded_from_sec_document_url,data/processed/sec_10k_text/top100/chunk_03/ADM/2023_ADM_10k.txt,https://www.sec.gov/Archives/edgar/data/7084/000000708424000009/adm-20231231.htm,59800
170,ADM,2024,materialized,downloaded_from_sec_document_url,data/processed/sec_10k_text/top100/chunk_03/ADM/2024_ADM_10k.txt,https://www.sec.gov/Archives/edgar/data/7084/000000708425000011/adm-20241231.htm,54413
171,ADM,2025,materialized,downloaded_from_sec_document_url,data/processed/sec_10k_text/top100/chunk_03/ADM/2025_ADM_10k.txt,https://www.sec.gov/Archives/edgar/data/7084/000000708426000011/adm-20251231.htm,51245
172,MET,2023,materialized,downloaded_from_sec_document_url,data/processed/sec_10k_text/top100/chunk_03/MET/2023_MET_10k.txt,https://www.sec.gov/Archives/edgar/data/1099219/000109921924000035/met-20231231.htm,166237
173,MET,2024,materialized,downloaded_from_sec_document_url,data/processed/sec_10k_text/top100/chunk_03/MET/2024_MET_10k.txt,https://www.sec.gov/Archives/edgar/data/1099219/000109921925000044/met-20241231.htm,156386
174,MET,2025,materialized,downloaded_from_sec_document_url,data/processed/sec_10k_text/top100/chunk_03/MET/2025_MET_10k.txt,https://www.sec.gov/Archives/edgar/data/1099219/000109921926000013/met-20251231.htm,160996
175,HCA,2023,materialized,downloaded_from_sec_document_url,data/processed/sec_10k_text/top100/chunk_03/HCA/2023_HCA_10k.txt,https://www.sec.gov/Archives/edgar/data/860730/000095017024016524/hca-20231231.htm,70435
176,HCA,2024,materialized,downloaded_from_sec_document_url,data/processed/sec_10k_text/top100/chunk_03/HCA/2024_HCA_10k.txt,https://www.sec.gov/Archives/edgar/data/860730/000095017025020134/hca-20241231.htm,71272
177,HCA,2025,materialized,downloaded_from_sec_document_url,data/processed/sec_10k_text/top100/chunk_03/HCA/2025_HCA_10k.txt,https://www.sec.gov/Archives/edgar/data/860730/000119312526044769/hca-20251231.htm,70422
178,LMT,2023,materialized,downloaded_from_sec_document_url,data/processed/sec_10k_text/top100/chunk_03/LMT/2023_LMT_10k.txt,https://www.sec.gov/Archives/edgar/data/936468/000093646824000010/lmt-20231231.htm,65486
179,LMT,2024,materialized,downloaded_from_sec_document_url,data/processed/sec_10k_text/top100/chunk_03/LMT/2024_LMT_10k.txt,https://www.sec.gov/Archives/edgar/data/936468/000093646825000009/lmt-20241231.htm,65429
180,LMT,2025,materialized,downloaded_from_sec_document_url,data/processed/sec_10k_text/top100/chunk_03/LMT/2025_LMT_10k.txt,https://www.sec.gov/Archives/edgar/data/936468/000162828026004195/lmt-20251231.htm,63495
181,COF,2023,materialized,downloaded_from_sec_document_url,data/processed/sec_10k_text/top100/chunk_03/COF/2023_COF_10k.txt,https://www.sec.gov/Archives/edgar/data/927628/000092762824000094/cof-20231231.htm,109248
182,COF,2024,materialized,downloaded_from_sec_document_url,data/processed/sec_10k_text/top100/chunk_03/COF/2024_COF_10k.txt,https://www.sec.gov/Archives/edgar/data/927628/000092762825000092/cof-20241231.htm,112939
183,COF,2025,materialized,downloaded_from_sec_document_url,data/processed/sec_10k_text/top100/chunk_03/COF/2025_COF_10k.txt,https://www.sec.gov/Archives/edgar/data/927628/000092762826000024/cof-20251231.htm,125312
184,ALL,2023,materialized,downloaded_from_sec_document_url,data/processed/sec_10k_text/top100/chunk_03/ALL/2023_ALL_10k.txt,https://www.sec.gov/Archives/edgar/data/899051/000089905124000013/all-20231231.htm,105133
185,ALL,2024,materialized,downloaded_from_sec_document_url,data/processed/sec_10k_text/top100/chunk_03/ALL/2024_ALL_10k.txt,https://www.sec.gov/Archives/edgar/data/899051/000089905125000015/all-20241231.htm,98634
186,ALL,2025,materialized,downloaded_from_sec_document_url,data/processed/sec_10k_text/top100/chunk_03/ALL/2025_ALL_10k.txt,https://www.sec.gov/Archives/edgar/data/899051/000089905126000031/all-20251231.htm,91969
187,CAT,2023,materialized,downloaded_from_sec_document_url,data/processed/sec_10k_text/top100/chunk_03/CAT/2023_CAT_10k.txt,https://www.sec.gov/Archives/edgar/data/18230/000001823024000009/cat-20231231.htm,62295
188,CAT,2024,materialized,downloaded_from_sec_document_url,data/processed/sec_10k_text/top100/chunk_03/CAT/2024_CAT_10k.txt,https://www.sec.gov/Archives/edgar/data/18230/000001823025000008/cat-20241231.htm,62507
189,CAT,2025,materialized,downloaded_from_sec_document_url,data/processed/sec_10k_text/top100/chunk_03/CAT/2025_CAT_10k.txt,https://www.sec.gov/Archives/edgar/data/18230/000001823026000008/cat-20251231.htm,62706
190,IBM,2023,materialized,downloaded_from_sec_document_url,data/processed/sec_10k_text/top100/chunk_03/IBM/2023_IBM_10k.txt,https://www.sec.gov/Archives/edgar/data/51143/000005114324000012/ibm-20231231.htm,19963
191,IBM,2024,materialized,downloaded_from_sec_document_url,data/processed/sec_10k_text/top100/chunk_03/IBM/2024_IBM_10k.txt,https://www.sec.gov/Archives/edgar/data/51143/000005114325000015/ibm-20241231.htm,20505
192,IBM,2025,materialized,downloaded_from_sec_document_url,data/processed/sec_10k_text/top100/chunk_03/IBM/2025_IBM_10k.txt,https://www.sec.gov/Archives/edgar/data/51143/000005114326000010/ibm-20251231.htm,19693
193,LLY,2023,materialized,downloaded_from_sec_document_url,data/processed/sec_10k_text/top100/chunk_03/LLY/2023_LLY_10k.txt,https://www.sec.gov/Archives/edgar/data/59478/000005947824000065/lly-20231231.htm,60688
194,LLY,2024,materialized,downloaded_from_sec_document_url,data/processed/sec_10k_text/top100/chunk_03/LLY/2024_LLY_10k.txt,https://www.sec.gov/Archives/edgar/data/59478/000005947825000067/lly-20241231.htm,60093
195,LLY,2025,materialized,downloaded_from_sec_document_url,data/processed/sec_10k_text/top100/chunk_03/LLY/2025_LLY_10k.txt,https://www.sec.gov/Archives/edgar/data/59478/000005947826000013/lly-20251231.htm,52944
196,MRK,2023,materialized,downloaded_from_sec_document_url,data/processed/sec_10k_text/top100/chunk_03/MRK/2023_MRK_10k.txt,https://www.sec.gov/Archives/edgar/data/310158/000162828024006850/mrk-20231231.htm,89788
197,MRK,2024,materialized,downloaded_from_sec_document_url,data/processed/sec_10k_text/top100/chunk_03/MRK/2024_MRK_10k.txt,https://www.sec.gov/Archives/edgar/data/310158/000162828025007732/mrk-20241231.htm,91008
198,MRK,2025,materialized,downloaded_from_sec_document_url,data/processed/sec_10k_text/top100/chunk_03/MRK/2025_MRK_10k.txt,https://www.sec.gov/Archives/edgar/data/310158/000031015826000063/mrk-20251231.htm,94078
199,AVGO,2023,materialized,downloaded_from_sec_document_url,data/processed/sec_10k_text/top100/chunk_03/AVGO/2023_AVGO_10k.txt,https://www.sec.gov/Archives/edgar/data/1730168/000173016823000096/avgo-20231029.htm,54775
200,AVGO,2024,materialized,downloaded_from_sec_document_url,data/processed/sec_10k_text/top100/chunk_03/AVGO/2024_AVGO_10k.txt,https://www.sec.gov/Archives/edgar/data/1730168/000173016824000139/avgo-20241103.htm,53928
201,AVGO,2025,materialized,downloaded_from_sec_document_url,data/processed/sec_10k_text/top100/chunk_03/AVGO/2025_AVGO_10k.txt,https://www.sec.gov/Archives/edgar/data/1730168/000173016825000121/avgo-20251102.htm,51687
202,DAL,2023,materialized,downloaded_from_sec_document_url,data/processed/sec_10k_text/top100/chunk_03/DAL/2023_DAL_10k.txt,https://www.sec.gov/Archives/edgar/data/27904/000002790424000003/dal-20231231.htm,54621
203,DAL,2024,materialized,downloaded_from_sec_document_url,data/processed/sec_10k_text/top100/chunk_03/DAL/2024_DAL_10k.txt,https://www.sec.gov/Archives/edgar/data/27904/000002790425000004/dal-20241231.htm,51802
204,DAL,2025,materialized,downloaded_from_sec_document_url,data/processed/sec_10k_text/top100/chunk_03/DAL/2025_DAL_10k.txt,https://www.sec.gov/Archives/edgar/data/27904/000002790426000013/dal-20251231.htm,50529
205,PFE,2023,materialized,downloaded_from_sec_document_url,data/processed/sec_10k_text/top100/chunk_03/PFE/2023_PFE_10k.txt,https://www.sec.gov/Archives/edgar/data/78003/000007800324000039/pfe-20231231.htm,97002
206,PFE,2024,materialized,downloaded_from_sec_document_url,data/processed/sec_10k_text/top100/chunk_03/PFE/2024_PFE_10k.txt,https://www.sec.gov/Archives/edgar/data/78003/000007800325000054/pfe-20241231.htm,94777
207,PFE,2025,materialized,downloaded_from_sec_document_url,data/processed/sec_10k_text/top100/chunk_03/PFE/2025_PFE_10k.txt,https://www.sec.gov/Archives/edgar/data/78003/000007800326000026/pfe-20251231.htm,93563
208,SNX,2023,materialized,downloaded_from_sec_document_url,data/processed/sec_10k_text/top100/chunk_03/SNX/2023_SNX_10k.txt,https://www.sec.gov/Archives/edgar/data/1177394/000117739424000014/snx-20231130.htm,53242
209,SNX,2024,materialized,downloaded_from_sec_document_url,data/processed/sec_10k_text/top100/chunk_03/SNX/2024_SNX_10k.txt,https://www.sec.gov/Archives/edgar/data/1177394/000117739425000009/snx-20241130.htm,50835
210,SNX,2025,materialized,downloaded_from_sec_document_url,data/processed/sec_10k_text/top100/chunk_03/SNX/2025_SNX_10k.txt,https://www.sec.gov/Archives/edgar/data/1177394/000162828026003598/snx-20251130.htm,52377
211,COP,2023,materialized,downloaded_from_sec_document_url,data/processed/sec_10k_text/top100/chunk_03/COP/2023_COP_10k.txt,https://www.sec.gov/Archives/edgar/data/1163165/000116316524000010/cop-20231231.htm,73643
212,COP,2024,materialized,downloaded_from_sec_document_url,data/processed/sec_10k_text/top100/chunk_03/COP/2024_COP_10k.txt,https://www.sec.gov/Archives/edgar/data/1163165/000116316525000012/cop-20241231.htm,74434
213,COP,2025,materialized,downloaded_from_sec_document_url,data/processed/sec_10k_text/top100/chunk_03/COP/2025_COP_10k.txt,https://www.sec.gov/Archives/edgar/data/1163165/000116316526000009/cop-20251231.htm,69081
214,GLXY,2025,materialized,downloaded_from_sec_document_url,data/processed/sec_10k_text/top100/chunk_04/GLXY/2025_GLXY_10k.txt,https://www.sec.gov/Archives/edgar/data/1859392/000185939226000016/glxy-20251231.htm,114225
215,ABBV,2023,materialized,downloaded_from_sec_document_url,data/processed/sec_10k_text/top100/chunk_04/ABBV/2023_ABBV_10k.txt,https://www.sec.gov/Archives/edgar/data/1551152/000155115224000011/abbv-20231231.htm,58885
216,ABBV,2024,materialized,downloaded_from_sec_document_url,data/processed/sec_10k_text/top100/chunk_04/ABBV/2024_ABBV_10k.txt,https://www.sec.gov/Archives/edgar/data/1551152/000155115225000020/abbv-20241231.htm,61066
217,ABBV,2025,materialized,downloaded_from_sec_document_url,data/processed/sec_10k_text/top100/chunk_04/ABBV/2025_ABBV_10k.txt,https://www.sec.gov/Archives/edgar/data/1551152/000155115226000008/abbv-20251231.htm,60431
218,PRU,2023,materialized,downloaded_from_sec_document_url,data/processed/sec_10k_text/top100/chunk_04/PRU/2023_PRU_10k.txt,https://www.sec.gov/Archives/edgar/data/1137774/000113777424000045/pru-20231231.htm,192321
219,PRU,2024,materialized,downloaded_from_sec_document_url,data/processed/sec_10k_text/top100/chunk_04/PRU/2024_PRU_10k.txt,https://www.sec.gov/Archives/edgar/data/1137774/000113777425000044/pru-20241231.htm,180881
220,PRU,2025,materialized,downloaded_from_sec_document_url,data/processed/sec_10k_text/top100/chunk_04/PRU/2025_PRU_10k.txt,https://www.sec.gov/Archives/edgar/data/1137774/000113777426000048/pru-20251231.htm,165465
221,TJX,2023,materialized,downloaded_from_sec_document_url,data/processed/sec_10k_text/top100/chunk_04/TJX/2023_TJX_10k.txt,https://www.sec.gov/Archives/edgar/data/109198/000010919823000004/tjx-20230128.htm,40253
222,TJX,2024,materialized,downloaded_from_sec_document_url,data/processed/sec_10k_text/top100/chunk_04/TJX/2024_TJX_10k.txt,https://www.sec.gov/Archives/edgar/data/109198/000010919824000014/tjx-20240203.htm,40761
223,TJX,2025,materialized,downloaded_from_sec_document_url,data/processed/sec_10k_text/top100/chunk_04/TJX/2025_TJX_10k.txt,https://www.sec.gov/Archives/edgar/data/109198/000010919825000010/tjx-20250201.htm,42090
224,PFGC,2023,materialized,downloaded_from_sec_document_url,data/processed/sec_10k_text/top100/chunk_04/PFGC/2023_PFGC_10k.txt,https://www.sec.gov/Archives/edgar/data/1618673/000095017023043011/pfgc-20230701.htm,48396
225,PFGC,2024,materialized,downloaded_from_sec_document_url,data/processed/sec_10k_text/top100/chunk_04/PFGC/2024_PFGC_10k.txt,https://www.sec.gov/Archives/edgar/data/1618673/000095017024097033/pfgc-20240629.htm,49297
226,PFGC,2025,materialized,downloaded_from_sec_document_url,data/processed/sec_10k_text/top100/chunk_04/PFGC/2025_PFGC_10k.txt,https://www.sec.gov/Archives/edgar/data/1618673/000161867325000012/pfgc-20250628.htm,49025
227,UAL,2023,materialized,downloaded_from_sec_document_url,data/processed/sec_10k_text/top100/chunk_04/UAL/2023_UAL_10k.txt,https://www.sec.gov/Archives/edgar/data/100517/000010051724000027/ual-20231231.htm,67091
228,UAL,2024,materialized,downloaded_from_sec_document_url,data/processed/sec_10k_text/top100/chunk_04/UAL/2024_UAL_10k.txt,https://www.sec.gov/Archives/edgar/data/100517/000010051725000046/ual-20241231.htm,62933
229,UAL,2025,materialized,downloaded_from_sec_document_url,data/processed/sec_10k_text/top100/chunk_04/UAL/2025_UAL_10k.txt,https://www.sec.gov/Archives/edgar/data/100517/000010051726000023/ual-20251231.htm,63309
230,ORCL,2023,materialized,downloaded_from_sec_document_url,data/processed/sec_10k_text/top100/chunk_04/ORCL/2023_ORCL_10k.txt,https://www.sec.gov/Archives/edgar/data/1341439/000095017023028914/orcl-20230531.htm,61294
231,ORCL,2024,materialized,downloaded_from_sec_document_url,data/processed/sec_10k_text/top100/chunk_04/ORCL/2024_ORCL_10k.txt,https://www.sec.gov/Archives/edgar/data/1341439/000095017024075605/orcl-20240531.htm,59482
232,ORCL,2025,materialized,downloaded_from_sec_document_url,data/processed/sec_10k_text/top100/chunk_04/ORCL/2025_ORCL_10k.txt,https://www.sec.gov/Archives/edgar/data/1341439/000095017025087926/orcl-20250531.htm,58659
233,CSCO,2023,materialized,downloaded_from_sec_document_url,data/processed/sec_10k_text/top100/chunk_04/CSCO/2023_CSCO_10k.txt,https://www.sec.gov/Archives/edgar/data/858877/000085887723000023/csco-20230729.htm,56126
234,CSCO,2024,materialized,downloaded_from_sec_document_url,data/processed/sec_10k_text/top100/chunk_04/CSCO/2024_CSCO_10k.txt,https://www.sec.gov/Archives/edgar/data/858877/000085887724000017/csco-20240727.htm,58798
235,CSCO,2025,materialized,downloaded_from_sec_document_url,data/processed/sec_10k_text/top100/chunk_04/CSCO/2025_CSCO_10k.txt,https://www.sec.gov/Archives/edgar/data/858877/000085887725000111/csco-20250726.htm,56604
236,HPQ,2023,materialized,downloaded_from_sec_document_url,data/processed/sec_10k_text/top100/chunk_04/HPQ/2023_HPQ_10k.txt,https://www.sec.gov/Archives/edgar/data/47217/000004721723000100/hpq-20231031.htm,63037
237,HPQ,2024,materialized,downloaded_from_sec_document_url,data/processed/sec_10k_text/top100/chunk_04/HPQ/2024_HPQ_10k.txt,https://www.sec.gov/Archives/edgar/data/47217/000004721724000080/hpq-20241031.htm,59762
238,HPQ,2025,materialized,downloaded_from_sec_document_url,data/processed/sec_10k_text/top100/chunk_04/HPQ/2025_HPQ_10k.txt,https://www.sec.gov/Archives/edgar/data/47217/000004721725000071/hpq-20251031.htm,59344
239,CHTR,2023,materialized,downloaded_from_sec_document_url,data/processed/sec_10k_text/top100/chunk_04/CHTR/2023_CHTR_10k.txt,https://www.sec.gov/Archives/edgar/data/1091667/000109166724000028/chtr-20231231.htm,59298
240,CHTR,2024,materialized,downloaded_from_sec_document_url,data/processed/sec_10k_text/top100/chunk_04/CHTR/2024_CHTR_10k.txt,https://www.sec.gov/Archives/edgar/data/1091667/000109166725000034/chtr-20241231.htm,65583
241,CHTR,2025,materialized,downloaded_from_sec_document_url,data/processed/sec_10k_text/top100/chunk_04/CHTR/2025_CHTR_10k.txt,https://www.sec.gov/Archives/edgar/data/1091667/000109166726000017/chtr-20251231.htm,70959
242,AAL,2023,materialized,downloaded_from_sec_document_url,data/processed/sec_10k_text/top100/chunk_04/AAL/2023_AAL_10k.txt,https://www.sec.gov/Archives/edgar/data/6201/000000620124000010/aal-20231231.htm,113989
243,AAL,2024,materialized,downloaded_from_sec_document_url,data/processed/sec_10k_text/top100/chunk_04/AAL/2024_AAL_10k.txt,https://www.sec.gov/Archives/edgar/data/6201/000000620125000010/aal-20241231.htm,116587
244,AAL,2025,materialized,downloaded_from_sec_document_url,data/processed/sec_10k_text/top100/chunk_04/AAL/2025_AAL_10k.txt,https://www.sec.gov/Archives/edgar/data/6201/000000620126000014/aal-20251231.htm,113451
245,TSN,2023,materialized,downloaded_from_sec_document_url,data/processed/sec_10k_text/top100/chunk_04/TSN/2023_TSN_10k.txt,https://www.sec.gov/Archives/edgar/data/100493/000010049323000105/tsn-20230930.htm,64621
246,TSN,2024,materialized,downloaded_from_sec_document_url,data/processed/sec_10k_text/top100/chunk_04/TSN/2024_TSN_10k.txt,https://www.sec.gov/Archives/edgar/data/100493/000010049324000119/tsn-20240928.htm,61212
247,TSN,2025,materialized,downloaded_from_sec_document_url,data/processed/sec_10k_text/top100/chunk_04/TSN/2025_TSN_10k.txt,https://www.sec.gov/Archives/edgar/data/100493/000010049325000095/tsn-20250927.htm,62346
248,INTC,2023,materialized,downloaded_from_sec_document_url,data/processed/sec_10k_text/top100/chunk_04/INTC/2023_INTC_10k.txt,https://www.sec.gov/Archives/edgar/data/50863/000005086324000010/intc-20231230.htm,68679
249,INTC,2024,materialized,downloaded_from_sec_document_url,data/processed/sec_10k_text/top100/chunk_04/INTC/2024_INTC_10k.txt,https://www.sec.gov/Archives/edgar/data/50863/000005086325000009/intc-20241228.htm,66995
250,INTC,2025,materialized,downloaded_from_sec_document_url,data/processed/sec_10k_text/top100/chunk_04/INTC/2025_INTC_10k.txt,https://www.sec.gov/Archives/edgar/data/50863/000005086326000011/intc-20251227.htm,73901
251,EPD,2023,materialized,downloaded_from_sec_document_url,data/processed/sec_10k_text/top100/chunk_04/EPD/2023_EPD_10k.txt,https://www.sec.gov/Archives/edgar/data/1061219/000106121924000006/form10k.htm,112325
252,EPD,2024,materialized,downloaded_from_sec_document_url,data/processed/sec_10k_text/top100/chunk_04/EPD/2024_EPD_10k.txt,https://www.sec.gov/Archives/edgar/data/1061219/000106121925000006/form10k.htm,110038
253,EPD,2025,materialized,downloaded_from_sec_document_url,data/processed/sec_10k_text/top100/chunk_04/EPD/2025_EPD_10k.txt,https://www.sec.gov/Archives/edgar/data/1061219/000106121926000006/epd-20251231.htm,111014
254,INGM,2024,materialized,downloaded_from_sec_document_url,data/processed/sec_10k_text/top100/chunk_04/INGM/2024_INGM_10k.txt,https://www.sec.gov/Archives/edgar/data/1897762/000162828025010298/ingm-20241228.htm,84799
255,INGM,2025,materialized,downloaded_from_sec_document_url,data/processed/sec_10k_text/top100/chunk_04/INGM/2025_INGM_10k.txt,https://www.sec.gov/Archives/edgar/data/1897762/000162828026013588/ingm-20251227.htm,63566
256,GD,2023,materialized,downloaded_from_sec_document_url,data/processed/sec_10k_text/top100/chunk_04/GD/2023_GD_10k.txt,https://www.sec.gov/Archives/edgar/data/40533/000004053324000007/gd-20231231.htm,41386
257,GD,2024,materialized,downloaded_from_sec_document_url,data/processed/sec_10k_text/top100/chunk_04/GD/2024_GD_10k.txt,https://www.sec.gov/Archives/edgar/data/40533/000004053325000008/gd-20241231.htm,41684
258,GD,2025,materialized,downloaded_from_sec_document_url,data/processed/sec_10k_text/top100/chunk_04/GD/2025_GD_10k.txt,https://www.sec.gov/Archives/edgar/data/40533/000004053326000006/gd-20251231.htm,40920
259,UBER,2023,materialized,downloaded_from_sec_document_url,data/processed/sec_10k_text/top100/chunk_04/UBER/2023_UBER_10k.txt,https://www.sec.gov/Archives/edgar/data/1543151/000154315124000012/uber-20231231.htm,95592
260,UBER,2024,materialized,downloaded_from_sec_document_url,data/processed/sec_10k_text/top100/chunk_04/UBER/2024_UBER_10k.txt,https://www.sec.gov/Archives/edgar/data/1543151/000154315125000008/uber-20241231.htm,90116
261,UBER,2025,materialized,downloaded_from_sec_document_url,data/processed/sec_10k_text/top100/chunk_04/UBER/2025_UBER_10k.txt,https://www.sec.gov/Archives/edgar/data/1543151/000154315126000015/uber-20251231.htm,88147
262,TRV,2023,materialized,downloaded_from_sec_document_url,data/processed/sec_10k_text/top100/chunk_04/TRV/2023_TRV_10k.txt,https://www.sec.gov/Archives/edgar/data/86312/000008631224000012/trv-20231231.htm,116126
263,TRV,2024,materialized,downloaded_from_sec_document_url,data/processed/sec_10k_text/top100/chunk_04/TRV/2024_TRV_10k.txt,https://www.sec.gov/Archives/edgar/data/86312/000008631225000012/trv-20241231.htm,117286
264,TRV,2025,materialized,downloaded_from_sec_document_url,data/processed/sec_10k_text/top100/chunk_04/TRV/2025_TRV_10k.txt,https://www.sec.gov/Archives/edgar/data/86312/000008631226000065/trv-20251231.htm,115874
265,BMY,2023,materialized,downloaded_from_sec_document_url,data/processed/sec_10k_text/top100/chunk_04/BMY/2023_BMY_10k.txt,https://www.sec.gov/Archives/edgar/data/14272/000001427224000044/bmy-20231231.htm,77896
266,BMY,2024,materialized,downloaded_from_sec_document_url,data/processed/sec_10k_text/top100/chunk_04/BMY/2024_BMY_10k.txt,https://www.sec.gov/Archives/edgar/data/14272/000001427225000039/bmy-20241231.htm,75203
267,BMY,2025,materialized,downloaded_from_sec_document_url,data/processed/sec_10k_text/top100/chunk_04/BMY/2025_BMY_10k.txt,https://www.sec.gov/Archives/edgar/data/14272/000001427226000004/bmy-20251231.htm,75195
268,KO,2023,materialized,downloaded_from_sec_document_url,data/processed/sec_10k_text/top100/chunk_04/KO/2023_KO_10k.txt,https://www.sec.gov/Archives/edgar/data/21344/000002134424000009/ko-20231231.htm,87461
269,KO,2024,materialized,downloaded_from_sec_document_url,data/processed/sec_10k_text/top100/chunk_04/KO/2024_KO_10k.txt,https://www.sec.gov/Archives/edgar/data/21344/000002134425000011/ko-20241231.htm,87505
270,KO,2025,materialized,downloaded_from_sec_document_url,data/processed/sec_10k_text/top100/chunk_04/KO/2025_KO_10k.txt,https://www.sec.gov/Archives/edgar/data/21344/000162828026010047/ko-20251231.htm,87374
271,NKE,2023,materialized,downloaded_from_sec_document_url,data/processed/sec_10k_text/top100/chunk_04/NKE/2023_NKE_10k.txt,https://www.sec.gov/Archives/edgar/data/320187/000032018723000039/nke-20230531.htm,53349
272,NKE,2024,materialized,downloaded_from_sec_document_url,data/processed/sec_10k_text/top100/chunk_04/NKE/2024_NKE_10k.txt,https://www.sec.gov/Archives/edgar/data/320187/000032018724000044/nke-20240531.htm,54319
273,NKE,2025,materialized,downloaded_from_sec_document_url,data/processed/sec_10k_text/top100/chunk_04/NKE/2025_NKE_10k.txt,https://www.sec.gov/Archives/edgar/data/320187/000032018725000047/nke-20250531.htm,53134
