fortune_rank_2025,company_name,ticker,cik_padded,target_report_year,ai_window_count,topic_0_count,topic_0_share,topic_1_count,topic_1_share,topic_2_count,topic_2_share,topic_3_count,topic_3_share,seed_efficiency_productivity_count,seed_efficiency_productivity_share,seed_negative_sensitive_count,seed_negative_sensitive_share,seed_content_generation_count,seed_content_generation_share,seed_privacy_data_security_count,seed_privacy_data_security_share,seed_infrastructure_platform_count,seed_infrastructure_platform_share
1,Amazon,AMZN,0001018724,2023,12,4,0.333333,5,0.416667,1,0.083333,2,0.166667,10,0.833333,36,3.0,13,1.083333,54,4.5,16,1.333333
1,Amazon,AMZN,0001018724,2024,16,4,0.25,6,0.375,1,0.0625,5,0.3125,11,0.6875,38,2.375,13,0.8125,57,3.5625,17,1.0625
1,Amazon,AMZN,0001018724,2025,29,7,0.241379,7,0.241379,1,0.034483,14,0.482759,17,0.586207,64,2.206897,16,0.551724,89,3.068966,45,1.551724
2,Walmart,WMT,0000104169,2023,5,0,0.0,0,0.0,0,0.0,5,1.0,8,1.6,4,0.8,0,0.0,5,1.0,1,0.2
2,Walmart,WMT,0000104169,2024,7,0,0.0,0,0.0,0,0.0,7,1.0,10,1.428571,4,0.571429,0,0.0,6,0.857143,1,0.142857
2,Walmart,WMT,0000104169,2025,12,2,0.166667,0,0.0,2,0.166667,8,0.666667,12,1.0,14,1.166667,0,0.0,20,1.666667,5,0.416667
3,UnitedHealth Group,UNH,0000731766,2023,11,4,0.363636,2,0.181818,5,0.454545,0,0.0,7,0.636364,26,2.363636,1,0.090909,37,3.363636,17,1.545455
3,UnitedHealth Group,UNH,0000731766,2024,11,4,0.363636,2,0.181818,5,0.454545,0,0.0,7,0.636364,29,2.636364,1,0.090909,38,3.454545,17,1.545455
3,UnitedHealth Group,UNH,0000731766,2025,15,4,0.266667,3,0.2,8,0.533333,0,0.0,10,0.666667,29,1.933333,1,0.066667,38,2.533333,17,1.133333
4,Apple,AAPL,0000320193,2023,1,0,0.0,0,0.0,0,0.0,1,1.0,1,1.0,3,3.0,1,1.0,5,5.0,0,0.0
4,Apple,AAPL,0000320193,2024,3,1,0.333333,0,0.0,2,0.666667,0,0.0,2,0.666667,7,2.333333,2,0.666667,6,2.0,0,0.0
4,Apple,AAPL,0000320193,2025,6,3,0.5,0,0.0,3,0.5,0,0.0,2,0.333333,13,2.166667,3,0.5,15,2.5,0,0.0
5,Alphabet,GOOGL,0001652044,2023,82,4,0.04878,52,0.634146,17,0.207317,9,0.109756,24,0.292683,115,1.402439,46,0.560976,120,1.463415,160,1.95122
5,Alphabet,GOOGL,0001652044,2024,93,6,0.064516,52,0.55914,20,0.215054,15,0.16129,34,0.365591,129,1.387097,46,0.494624,169,1.817204,194,2.086022
5,Alphabet,GOOGL,0001652044,2025,84,12,0.142857,35,0.416667,23,0.27381,14,0.166667,35,0.416667,127,1.511905,37,0.440476,140,1.666667,173,2.059524
6,CVS Health,CVS,0000064803,2023,4,0,0.0,3,0.75,0,0.0,1,0.25,7,1.75,2,0.5,0,0.0,7,1.75,7,1.75
6,CVS Health,CVS,0000064803,2024,7,2,0.285714,3,0.428571,0,0.0,2,0.285714,7,1.0,11,1.571429,0,0.0,19,2.714286,7,1.0
6,CVS Health,CVS,0000064803,2025,13,4,0.307692,4,0.307692,2,0.153846,3,0.230769,19,1.461538,39,3.0,0,0.0,42,3.230769,14,1.076923
7,Berkshire Hathaway,BRK-B,0001067983,2025,2,2,1.0,0,0.0,0,0.0,0,0.0,0,0.0,6,3.0,0,0.0,8,4.0,2,1.0
8,McKesson,MCK,0000927653,2023,3,0,0.0,0,0.0,0,0.0,3,1.0,7,2.333333,3,1.0,0,0.0,3,1.0,0,0.0
8,McKesson,MCK,0000927653,2024,13,3,0.230769,1,0.076923,4,0.307692,5,0.384615,20,1.538462,15,1.153846,0,0.0,24,1.846154,6,0.461538
8,McKesson,MCK,0000927653,2025,24,7,0.291667,1,0.041667,8,0.333333,8,0.333333,28,1.166667,47,1.958333,0,0.0,80,3.333333,10,0.416667
9,Exxon Mobil,XOM,0000034088,2025,3,0,0.0,0,0.0,0,0.0,3,1.0,4,1.333333,4,1.333333,1,0.333333,5,1.666667,0,0.0
10,Cencora,COR,0001140859,2023,3,1,0.333333,0,0.0,0,0.0,2,0.666667,3,1.0,3,1.0,0,0.0,5,1.666667,2,0.666667
10,Cencora,COR,0001140859,2024,3,1,0.333333,0,0.0,0,0.0,2,0.666667,3,1.0,3,1.0,0,0.0,5,1.666667,2,0.666667
10,Cencora,COR,0001140859,2025,17,7,0.411765,0,0.0,6,0.352941,4,0.235294,12,0.705882,50,2.941176,0,0.0,63,3.705882,14,0.823529
11,Microsoft,MSFT,0000789019,2023,71,5,0.070423,51,0.71831,12,0.169014,3,0.042254,50,0.704225,71,1.0,19,0.267606,81,1.140845,100,1.408451
11,Microsoft,MSFT,0000789019,2024,99,10,0.10101,63,0.636364,15,0.151515,11,0.111111,66,0.666667,101,1.020202,29,0.292929,115,1.161616,146,1.474747
11,Microsoft,MSFT,0000789019,2025,87,10,0.114943,41,0.471264,19,0.218391,17,0.195402,82,0.942529,114,1.310345,18,0.206897,97,1.114943,176,2.022989
12,JPMorgan Chase,JPM,0000019617,2023,3,1,0.333333,0,0.0,0,0.0,2,0.666667,0,0.0,9,3.0,0,0.0,7,2.333333,12,4.0
12,JPMorgan Chase,JPM,0000019617,2024,11,4,0.363636,1,0.090909,0,0.0,6,0.545455,2,0.181818,37,3.363636,2,0.181818,38,3.454545,22,2.0
12,JPMorgan Chase,JPM,0000019617,2025,17,5,0.294118,0,0.0,1,0.058824,11,0.647059,15,0.882353,40,2.352941,1,0.058824,55,3.235294,46,2.705882
13,Costco Wholesale,COST,0000909832,2024,2,1,0.5,0,0.0,0,0.0,1,0.5,2,1.0,7,3.5,0,0.0,12,6.0,0,0.0
13,Costco Wholesale,COST,0000909832,2025,2,1,0.5,0,0.0,0,0.0,1,0.5,2,1.0,7,3.5,0,0.0,12,6.0,0,0.0
14,Cigna Group,CI,0001739940,2023,23,2,0.086957,5,0.217391,13,0.565217,3,0.130435,10,0.434783,38,1.652174,0,0.0,31,1.347826,12,0.521739
14,Cigna Group,CI,0001739940,2024,27,3,0.111111,3,0.111111,19,0.703704,2,0.074074,14,0.518519,59,2.185185,2,0.074074,55,2.037037,33,1.222222
14,Cigna Group,CI,0001739940,2025,35,5,0.142857,3,0.085714,24,0.685714,3,0.085714,18,0.514286,68,1.942857,8,0.228571,62,1.771429,43,1.228571
15,Cardinal Health,CAH,0000721371,2024,4,1,0.25,2,0.5,0,0.0,1,0.25,0,0.0,3,0.75,0,0.0,12,3.0,9,2.25
15,Cardinal Health,CAH,0000721371,2025,3,2,0.666667,0,0.0,0,0.0,1,0.333333,1,0.333333,6,2.0,0,0.0,10,3.333333,4,1.333333
16,Nvidia,NVDA,0001045810,2023,86,4,0.046512,63,0.732558,9,0.104651,10,0.116279,25,0.290698,61,0.709302,17,0.197674,85,0.988372,186,2.162791
16,Nvidia,NVDA,0001045810,2024,111,8,0.072072,74,0.666667,15,0.135135,14,0.126126,39,0.351351,78,0.702703,24,0.216216,111,1.0,204,1.837838
16,Nvidia,NVDA,0001045810,2025,134,8,0.059701,75,0.559701,22,0.164179,29,0.216418,58,0.432836,103,0.768657,27,0.201493,127,0.947761,236,1.761194
17,Meta Platforms,META,0001326801,2023,53,8,0.150943,11,0.207547,24,0.45283,10,0.188679,26,0.490566,126,2.377358,46,0.867925,133,2.509434,49,0.924528
17,Meta Platforms,META,0001326801,2024,69,11,0.15942,16,0.231884,24,0.347826,18,0.26087,30,0.434783,181,2.623188,69,1.0,197,2.855072,76,1.101449
17,Meta Platforms,META,0001326801,2025,109,18,0.165138,27,0.247706,36,0.330275,28,0.256881,38,0.348624,215,1.972477,79,0.724771,244,2.238532,123,1.12844
18,Elevance Health,ELV,0001156039,2023,2,1,0.5,1,0.5,0,0.0,0,0.0,3,1.5,4,2.0,0,0.0,6,3.0,5,2.5
18,Elevance Health,ELV,0001156039,2024,13,5,0.384615,1,0.076923,7,0.538462,0,0.0,11,0.846154,55,4.230769,0,0.0,51,3.923077,14,1.076923
18,Elevance Health,ELV,0001156039,2025,15,4,0.266667,2,0.133333,9,0.6,0,0.0,11,0.733333,65,4.333333,0,0.0,58,3.866667,21,1.4
19,Centene,CNC,0001071739,2023,1,1,1.0,0,0.0,0,0.0,0,0.0,1,1.0,13,13.0,0,0.0,9,9.0,4,4.0
19,Centene,CNC,0001071739,2024,15,7,0.466667,0,0.0,6,0.4,2,0.133333,11,0.733333,60,4.0,0,0.0,61,4.066667,9,0.6
19,Centene,CNC,0001071739,2025,20,7,0.35,1,0.05,8,0.4,4,0.2,17,0.85,66,3.3,0,0.0,67,3.35,15,0.75
20,Bank of America,BAC,0000070858,2023,11,7,0.636364,0,0.0,0,0.0,4,0.363636,10,0.909091,43,3.909091,1,0.090909,40,3.636364,25,2.272727
20,Bank of America,BAC,0000070858,2024,23,12,0.521739,0,0.0,2,0.086957,9,0.391304,10,0.434783,97,4.217391,1,0.043478,61,2.652174,43,1.869565
20,Bank of America,BAC,0000070858,2025,30,15,0.5,0,0.0,6,0.2,9,0.3,11,0.366667,109,3.633333,1,0.033333,75,2.5,57,1.9
21,Chevron,CVX,0000093410,2023,2,0,0.0,1,0.5,0,0.0,1,0.5,3,1.5,1,0.5,0,0.0,3,1.5,1,0.5
21,Chevron,CVX,0000093410,2024,5,0,0.0,1,0.2,3,0.6,1,0.2,5,1.0,0,0.0,0,0.0,6,1.2,3,0.6
21,Chevron,CVX,0000093410,2025,8,0,0.0,0,0.0,7,0.875,1,0.125,4,0.5,15,1.875,0,0.0,13,1.625,7,0.875
22,Ford Motor,F,0000037996,2023,14,2,0.142857,1,0.071429,2,0.142857,9,0.642857,14,1.0,17,1.214286,0,0.0,36,2.571429,8,0.571429
22,Ford Motor,F,0000037996,2024,15,3,0.2,0,0.0,2,0.133333,10,0.666667,14,0.933333,24,1.6,0,0.0,62,4.133333,7,0.466667
22,Ford Motor,F,0000037996,2025,7,3,0.428571,0,0.0,2,0.285714,2,0.285714,10,1.428571,18,2.571429,0,0.0,43,6.142857,4,0.571429
23,General Motors,GM,0001467858,2024,3,1,0.333333,0,0.0,0,0.0,2,0.666667,0,0.0,3,1.0,0,0.0,6,2.0,2,0.666667
23,General Motors,GM,0001467858,2025,11,5,0.454545,2,0.181818,1,0.090909,3,0.272727,4,0.363636,26,2.363636,0,0.0,47,4.272727,7,0.636364
24,Citigroup,C,0000831001,2023,4,2,0.5,0,0.0,2,0.5,0,0.0,0,0.0,17,4.25,0,0.0,5,1.25,4,1.0
24,Citigroup,C,0000831001,2024,13,3,0.230769,1,0.076923,5,0.384615,4,0.307692,5,0.384615,42,3.230769,6,0.461538,12,0.923077,25,1.923077
24,Citigroup,C,0000831001,2025,24,6,0.25,0,0.0,10,0.416667,8,0.333333,19,0.791667,77,3.208333,5,0.208333,33,1.375,39,1.625
25,Home Depot,HD,0000354950,2023,1,0,0.0,1,1.0,0,0.0,0,0.0,3,3.0,0,0.0,0,0.0,0,0.0,0,0.0
25,Home Depot,HD,0000354950,2024,4,1,0.25,1,0.25,0,0.0,2,0.5,4,1.0,7,1.75,0,0.0,14,3.5,13,3.25
25,Home Depot,HD,0000354950,2025,5,2,0.4,1,0.2,1,0.2,1,0.2,5,1.0,8,1.6,0,0.0,18,3.6,15,3.0
26,Fannie Mae,FNMA,0000310522,2023,15,3,0.2,1,0.066667,8,0.533333,3,0.2,5,0.333333,58,3.866667,0,0.0,33,2.2,33,2.2
26,Fannie Mae,FNMA,0000310522,2024,21,3,0.142857,1,0.047619,12,0.571429,5,0.238095,12,0.571429,75,3.571429,0,0.0,44,2.095238,55,2.619048
26,Fannie Mae,FNMA,0000310522,2025,28,8,0.285714,4,0.142857,14,0.5,2,0.071429,16,0.571429,96,3.428571,0,0.0,54,1.928571,60,2.142857
27,Kroger,KR,0000056873,2024,1,1,1.0,0,0.0,0,0.0,0,0.0,0,0.0,2,2.0,0,0.0,2,2.0,0,0.0
27,Kroger,KR,0000056873,2025,6,2,0.333333,0,0.0,3,0.5,1,0.166667,11,1.833333,26,4.333333,0,0.0,23,3.833333,9,1.5
28,Verizon Communications,VZ,0000732712,2023,3,1,0.333333,0,0.0,1,0.333333,1,0.333333,0,0.0,5,1.666667,1,0.333333,7,2.333333,1,0.333333
28,Verizon Communications,VZ,0000732712,2024,10,2,0.2,0,0.0,5,0.5,3,0.3,10,1.0,14,1.4,1,0.1,9,0.9,7,0.7
28,Verizon Communications,VZ,0000732712,2025,18,2,0.111111,6,0.333333,6,0.333333,4,0.222222,17,0.944444,24,1.333333,1,0.055556,21,1.166667,17,0.944444
29,Phillips 66,PSX,0001534701,2024,2,1,0.5,0,0.0,0,0.0,1,0.5,5,2.5,6,3.0,0,0.0,8,4.0,2,1.0
29,Phillips 66,PSX,0001534701,2025,2,1,0.5,0,0.0,0,0.0,1,0.5,5,2.5,6,3.0,0,0.0,8,4.0,2,1.0
30,Marathon Petroleum,MPC,0001510295,2023,2,1,0.5,0,0.0,0,0.0,1,0.5,2,1.0,3,1.5,0,0.0,5,2.5,5,2.5
30,Marathon Petroleum,MPC,0001510295,2024,5,1,0.2,0,0.0,4,0.8,0,0.0,2,0.4,12,2.4,2,0.4,9,1.8,5,1.0
30,Marathon Petroleum,MPC,0001510295,2025,5,2,0.4,0,0.0,3,0.6,0,0.0,2,0.4,12,2.4,2,0.4,9,1.8,6,1.2
33,Freddie Mac,FMCC,0001026214,2023,15,4,0.266667,0,0.0,9,0.6,2,0.133333,3,0.2,62,4.133333,6,0.4,40,2.666667,11,0.733333
33,Freddie Mac,FMCC,0001026214,2024,18,4,0.222222,0,0.0,11,0.611111,3,0.166667,6,0.333333,80,4.444444,5,0.277778,46,2.555556,17,0.944444
33,Freddie Mac,FMCC,0001026214,2025,19,4,0.210526,1,0.052632,11,0.578947,3,0.157895,4,0.210526,65,3.421053,4,0.210526,48,2.526316,11,0.578947
34,Humana,HUM,0000049071,2024,3,1,0.333333,0,0.0,2,0.666667,0,0.0,4,1.333333,14,4.666667,0,0.0,19,6.333333,18,6.0
34,Humana,HUM,0000049071,2025,6,3,0.5,0,0.0,3,0.5,0,0.0,7,1.166667,15,2.5,0,0.0,25,4.166667,22,3.666667
35,AT&T,T,0000732717,2023,5,1,0.2,0,0.0,2,0.4,2,0.4,8,1.6,9,1.8,0,0.0,11,2.2,4,0.8
35,AT&T,T,0000732717,2024,7,1,0.142857,3,0.428571,2,0.285714,1,0.142857,9,1.285714,17,2.428571,7,1.0,11,1.571429,7,1.0
35,AT&T,T,0000732717,2025,14,2,0.142857,4,0.285714,4,0.285714,4,0.285714,16,1.142857,26,1.857143,11,0.785714,24,1.714286,11,0.785714
36,Goldman Sachs Group,GS,0000886982,2023,19,5,0.263158,0,0.0,10,0.526316,4,0.210526,6,0.315789,53,2.789474,1,0.052632,22,1.157895,33,1.736842
36,Goldman Sachs Group,GS,0000886982,2024,32,8,0.25,0,0.0,14,0.4375,10,0.3125,24,0.75,87,2.71875,1,0.03125,45,1.40625,43,1.34375
36,Goldman Sachs Group,GS,0000886982,2025,38,7,0.184211,0,0.0,18,0.473684,13,0.342105,28,0.736842,85,2.236842,1,0.026316,37,0.973684,40,1.052632
37,Comcast,CMCSA,0001166691,2023,5,1,0.2,2,0.4,1,0.2,1,0.2,4,0.8,8,1.6,8,1.6,3,0.6,2,0.4
37,Comcast,CMCSA,0001166691,2024,8,1,0.125,2,0.25,3,0.375,2,0.25,4,0.5,9,1.125,8,1.0,3,0.375,2,0.25
37,Comcast,CMCSA,0001166691,2025,10,2,0.2,2,0.2,3,0.3,3,0.3,5,0.5,17,1.7,17,1.7,4,0.4,2,0.2
38,Wells Fargo,WFC,0000072971,2025,1,0,0.0,0,0.0,0,0.0,1,1.0,0,0.0,0,0.0,0,0.0,0,0.0,0,0.0
39,Morgan Stanley,MS,0000895421,2023,5,3,0.6,0,0.0,0,0.0,2,0.4,0,0.0,11,2.2,0,0.0,12,2.4,11,2.2
39,Morgan Stanley,MS,0000895421,2024,5,3,0.6,0,0.0,0,0.0,2,0.4,1,0.2,10,2.0,0,0.0,14,2.8,11,2.2
39,Morgan Stanley,MS,0000895421,2025,11,5,0.454545,0,0.0,0,0.0,6,0.545455,5,0.454545,33,3.0,0,0.0,35,3.181818,20,1.818182
40,Valero Energy,VLO,0001035002,2023,1,0,0.0,0,0.0,0,0.0,1,1.0,1,1.0,1,1.0,2,2.0,1,1.0,3,3.0
40,Valero Energy,VLO,0001035002,2024,3,2,0.666667,0,0.0,0,0.0,1,0.333333,2,0.666667,5,1.666667,1,0.333333,7,2.333333,6,2.0
40,Valero Energy,VLO,0001035002,2025,6,5,0.833333,0,0.0,0,0.0,1,0.166667,4,0.666667,14,2.333333,0,0.0,16,2.666667,13,2.166667
41,Dell Technologies,DELL,0001571996,2023,11,1,0.090909,8,0.727273,0,0.0,2,0.181818,7,0.636364,6,0.545455,1,0.090909,16,1.454545,12,1.090909
41,Dell Technologies,DELL,0001571996,2024,26,0,0.0,15,0.576923,5,0.192308,6,0.230769,13,0.5,35,1.346154,1,0.038462,17,0.653846,22,0.846154
41,Dell Technologies,DELL,0001571996,2025,59,2,0.033898,15,0.254237,11,0.186441,31,0.525424,50,0.847458,74,1.254237,3,0.050847,54,0.915254,44,0.745763
42,Target,TGT,0000027419,2023,1,0,0.0,0,0.0,0,0.0,1,1.0,5,5.0,0,0.0,0,0.0,0,0.0,2,2.0
42,Target,TGT,0000027419,2024,4,1,0.25,1,0.25,0,0.0,2,0.5,3,0.75,11,2.75,2,0.5,10,2.5,1,0.25
42,Target,TGT,0000027419,2025,9,1,0.111111,0,0.0,4,0.444444,4,0.444444,3,0.333333,12,1.333333,3,0.333333,7,0.777778,3,0.333333
43,Tesla,TSLA,0001318605,2023,12,0,0.0,4,0.333333,0,0.0,8,0.666667,12,1.0,1,0.083333,2,0.166667,3,0.25,8,0.666667
43,Tesla,TSLA,0001318605,2024,23,2,0.086957,4,0.173913,0,0.0,17,0.73913,20,0.869565,12,0.521739,2,0.086957,20,0.869565,18,0.782609
43,Tesla,TSLA,0001318605,2025,48,2,0.041667,23,0.479167,0,0.0,23,0.479167,37,0.770833,16,0.333333,16,0.333333,27,0.5625,58,1.208333
44,Walt Disney,DIS,0001744489,2023,3,0,0.0,0,0.0,2,0.666667,1,0.333333,1,0.333333,10,3.333333,2,0.666667,1,0.333333,2,0.666667
44,Walt Disney,DIS,0001744489,2024,7,2,0.285714,0,0.0,3,0.428571,2,0.285714,3,0.428571,20,2.857143,11,1.571429,5,0.714286,4,0.571429
44,Walt Disney,DIS,0001744489,2025,7,1,0.142857,0,0.0,3,0.428571,3,0.428571,4,0.571429,18,2.571429,5,0.714286,6,0.857143,4,0.571429
45,Johnson & Johnson,JNJ,0000200406,2023,7,2,0.285714,0,0.0,4,0.571429,1,0.142857,4,0.571429,18,2.571429,0,0.0,19,2.714286,0,0.0
45,Johnson & Johnson,JNJ,0000200406,2024,6,2,0.333333,0,0.0,4,0.666667,0,0.0,3,0.5,18,3.0,0,0.0,19,3.166667,0,0.0
45,Johnson & Johnson,JNJ,0000200406,2025,6,2,0.333333,0,0.0,4,0.666667,0,0.0,3,0.5,18,3.0,0,0.0,19,3.166667,0,0.0
46,PepsiCo,PEP,0000077476,2023,8,3,0.375,0,0.0,0,0.0,5,0.625,11,1.375,10,1.25,1,0.125,11,1.375,8,1.0
46,PepsiCo,PEP,0000077476,2024,13,3,0.230769,0,0.0,2,0.153846,8,0.615385,17,1.307692,14,1.076923,2,0.153846,13,1.0,10,0.769231
46,PepsiCo,PEP,0000077476,2025,17,4,0.235294,2,0.117647,2,0.117647,9,0.529412,14,0.823529,23,1.352941,2,0.117647,31,1.823529,16,0.941176
47,Boeing,BA,0000012927,2023,1,1,1.0,0,0.0,0,0.0,0,0.0,1,1.0,3,3.0,0,0.0,2,2.0,1,1.0
47,Boeing,BA,0000012927,2024,1,1,1.0,0,0.0,0,0.0,0,0.0,1,1.0,3,3.0,0,0.0,2,2.0,1,1.0
47,Boeing,BA,0000012927,2025,1,1,1.0,0,0.0,0,0.0,0,0.0,1,1.0,3,3.0,0,0.0,2,2.0,1,1.0
48,UPS,UPS,0001090727,2023,4,1,0.25,2,0.5,0,0.0,1,0.25,4,1.0,3,0.75,0,0.0,4,1.0,0,0.0
48,UPS,UPS,0001090727,2024,5,1,0.2,1,0.2,0,0.0,3,0.6,7,1.4,3,0.6,0,0.0,4,0.8,0,0.0
48,UPS,UPS,0001090727,2025,12,6,0.5,5,0.416667,0,0.0,1,0.083333,19,1.583333,12,1.0,0,0.0,34,2.833333,3,0.25
49,RTX,RTX,0000101829,2023,4,1,0.25,0,0.0,0,0.0,3,0.75,3,0.75,5,1.25,0,0.0,3,0.75,3,0.75
49,RTX,RTX,0000101829,2024,10,2,0.2,0,0.0,3,0.3,5,0.5,14,1.4,18,1.8,0,0.0,10,1.0,15,1.5
49,RTX,RTX,0000101829,2025,9,3,0.333333,0,0.0,3,0.333333,3,0.333333,5,0.555556,13,1.444444,0,0.0,10,1.111111,9,1.0
50,FedEx,FDX,0001048911,2023,8,2,0.25,3,0.375,0,0.0,3,0.375,7,0.875,10,1.25,0,0.0,16,2.0,10,1.25
50,FedEx,FDX,0001048911,2024,19,8,0.421053,6,0.315789,0,0.0,5,0.263158,15,0.789474,29,1.526316,0,0.0,47,2.473684,22,1.157895
50,FedEx,FDX,0001048911,2025,19,9,0.473684,5,0.263158,0,0.0,5,0.263158,17,0.894737,28,1.473684,0,0.0,48,2.526316,21,1.105263
51,Progressive,PGR,0000080661,2023,17,2,0.117647,0,0.0,12,0.705882,3,0.176471,1,0.058824,4,0.235294,0,0.0,7,0.411765,16,0.941176
51,Progressive,PGR,0000080661,2024,17,2,0.117647,0,0.0,15,0.882353,0,0.0,2,0.117647,5,0.294118,0,0.0,4,0.235294,13,0.764706
51,Progressive,PGR,0000080661,2025,18,3,0.166667,0,0.0,15,0.833333,0,0.0,6,0.333333,11,0.611111,0,0.0,10,0.555556,17,0.944444
52,Lowe's,LOW,0000060667,2024,3,1,0.333333,0,0.0,0,0.0,2,0.666667,0,0.0,6,2.0,0,0.0,7,2.333333,2,0.666667
52,Lowe's,LOW,0000060667,2025,13,3,0.230769,4,0.307692,5,0.384615,1,0.076923,5,0.384615,41,3.153846,0,0.0,29,2.230769,10,0.769231
53,Energy Transfer,ET,0001276187,2023,1,1,1.0,0,0.0,0,0.0,0,0.0,0,0.0,2,2.0,2,2.0,4,4.0,1,1.0
53,Energy Transfer,ET,0001276187,2024,1,1,1.0,0,0.0,0,0.0,0,0.0,0,0.0,5,5.0,2,2.0,7,7.0,2,2.0
53,Energy Transfer,ET,0001276187,2025,1,1,1.0,0,0.0,0,0.0,0,0.0,0,0.0,5,5.0,2,2.0,7,7.0,2,2.0
54,Procter & Gamble,PG,0000080424,2024,5,3,0.6,0,0.0,0,0.0,2,0.4,9,1.8,27,5.4,2,0.4,21,4.2,12,2.4
54,Procter & Gamble,PG,0000080424,2025,6,3,0.5,0,0.0,0,0.0,3,0.5,9,1.5,26,4.333333,2,0.333333,22,3.666667,13,2.166667
55,Sysco,SYY,0000096021,2023,2,0,0.0,1,0.5,1,0.5,0,0.0,0,0.0,1,0.5,0,0.0,2,1.0,3,1.5
55,Sysco,SYY,0000096021,2024,11,2,0.181818,2,0.181818,4,0.363636,3,0.272727,6,0.545455,22,2.0,2,0.181818,20,1.818182,10,0.909091
55,Sysco,SYY,0000096021,2025,11,2,0.181818,2,0.181818,4,0.363636,3,0.272727,6,0.545455,22,2.0,2,0.181818,20,1.818182,10,0.909091
56,American Express,AXP,0000004962,2023,16,6,0.375,0,0.0,4,0.25,6,0.375,27,1.6875,73,4.5625,0,0.0,115,7.1875,41,2.5625
56,American Express,AXP,0000004962,2024,28,13,0.464286,0,0.0,7,0.25,8,0.285714,34,1.214286,141,5.035714,0,0.0,229,8.178571,68,2.428571
56,American Express,AXP,0000004962,2025,37,13,0.351351,1,0.027027,14,0.378378,9,0.243243,39,1.054054,127,3.432432,2,0.054054,187,5.054054,68,1.837838
57,Albertsons,ACI,0001646972,2024,9,1,0.111111,0,0.0,7,0.777778,1,0.111111,1,0.111111,26,2.888889,3,0.333333,10,1.111111,7,0.777778
57,Albertsons,ACI,0001646972,2025,11,4,0.363636,0,0.0,6,0.545455,1,0.090909,7,0.636364,22,2.0,3,0.272727,9,0.818182,7,0.636364
58,Archer Daniels Midland,ADM,0000007084,2023,5,1,0.2,0,0.0,3,0.6,1,0.2,6,1.2,23,4.6,0,0.0,24,4.8,4,0.8
58,Archer Daniels Midland,ADM,0000007084,2024,17,4,0.235294,0,0.0,12,0.705882,1,0.058824,10,0.588235,50,2.941176,0,0.0,47,2.764706,31,1.823529
58,Archer Daniels Midland,ADM,0000007084,2025,17,3,0.176471,0,0.0,14,0.823529,0,0.0,4,0.235294,41,2.411765,0,0.0,45,2.647059,32,1.882353
59,MetLife,MET,0001099219,2023,11,1,0.090909,0,0.0,9,0.818182,1,0.090909,0,0.0,10,0.909091,0,0.0,21,1.909091,14,1.272727
59,MetLife,MET,0001099219,2024,13,1,0.076923,0,0.0,9,0.692308,3,0.230769,1,0.076923,13,1.0,0,0.0,27,2.076923,16,1.230769
59,MetLife,MET,0001099219,2025,13,2,0.153846,1,0.076923,6,0.461538,4,0.307692,6,0.461538,24,1.846154,0,0.0,35,2.692308,9,0.692308
60,HCA Healthcare,HCA,0000860730,2023,11,3,0.272727,0,0.0,7,0.636364,1,0.090909,3,0.272727,19,1.727273,0,0.0,17,1.545455,6,0.545455
60,HCA Healthcare,HCA,0000860730,2024,32,5,0.15625,0,0.0,26,0.8125,1,0.03125,15,0.46875,59,1.84375,3,0.09375,33,1.03125,25,0.78125
60,HCA Healthcare,HCA,0000860730,2025,41,5,0.121951,5,0.121951,28,0.682927,3,0.073171,25,0.609756,69,1.682927,3,0.073171,53,1.292683,41,1.0
61,Lockheed Martin,LMT,0000936468,2023,3,1,0.333333,1,0.333333,0,0.0,1,0.333333,0,0.0,6,2.0,0,0.0,6,2.0,2,0.666667
61,Lockheed Martin,LMT,0000936468,2024,5,1,0.2,3,0.6,0,0.0,1,0.2,0,0.0,9,1.8,0,0.0,8,1.6,2,0.4
61,Lockheed Martin,LMT,0000936468,2025,6,1,0.166667,3,0.5,0,0.0,2,0.333333,2,0.333333,10,1.666667,0,0.0,9,1.5,4,0.666667
63,Capital One Financial,COF,0000927628,2023,25,5,0.2,0,0.0,9,0.36,11,0.44,13,0.52,97,3.88,0,0.0,91,3.64,49,1.96
63,Capital One Financial,COF,0000927628,2024,30,5,0.166667,0,0.0,14,0.466667,11,0.366667,12,0.4,103,3.433333,4,0.133333,97,3.233333,49,1.633333
63,Capital One Financial,COF,0000927628,2025,49,6,0.122449,1,0.020408,28,0.571429,14,0.285714,18,0.367347,131,2.673469,7,0.142857,135,2.755102,78,1.591837
64,Allstate,ALL,0000899051,2023,2,0,0.0,0,0.0,1,0.5,1,0.5,1,0.5,0,0.0,0,0.0,3,1.5,1,0.5
64,Allstate,ALL,0000899051,2024,9,2,0.222222,0,0.0,4,0.444444,3,0.333333,13,1.444444,22,2.444444,0,0.0,28,3.111111,9,1.0
64,Allstate,ALL,0000899051,2025,10,2,0.2,0,0.0,2,0.2,6,0.6,16,1.6,34,3.4,0,0.0,31,3.1,14,1.4
65,Caterpillar,CAT,0000018230,2023,2,0,0.0,0,0.0,0,0.0,2,1.0,6,3.0,0,0.0,0,0.0,0,0.0,2,1.0
65,Caterpillar,CAT,0000018230,2024,3,0,0.0,1,0.333333,0,0.0,2,0.666667,6,2.0,0,0.0,3,1.0,1,0.333333,3,1.0
65,Caterpillar,CAT,0000018230,2025,4,0,0.0,1,0.25,0,0.0,3,0.75,6,1.5,2,0.5,1,0.25,6,1.5,4,1.0
66,IBM,IBM,0000051143,2023,12,4,0.333333,4,0.333333,0,0.0,4,0.333333,14,1.166667,33,2.75,0,0.0,43,3.583333,20,1.666667
66,IBM,IBM,0000051143,2024,23,7,0.304348,6,0.26087,5,0.217391,5,0.217391,26,1.130435,62,2.695652,1,0.043478,67,2.913043,37,1.608696
66,IBM,IBM,0000051143,2025,21,6,0.285714,6,0.285714,3,0.142857,6,0.285714,23,1.095238,40,1.904762,1,0.047619,43,2.047619,41,1.952381
67,Eli Lilly,LLY,0000059478,2023,14,0,0.0,0,0.0,13,0.928571,1,0.071429,9,0.642857,31,2.214286,3,0.214286,33,2.357143,12,0.857143
67,Eli Lilly,LLY,0000059478,2024,16,1,0.0625,0,0.0,14,0.875,1,0.0625,8,0.5,47,2.9375,3,0.1875,45,2.8125,14,0.875
67,Eli Lilly,LLY,0000059478,2025,20,2,0.1,0,0.0,17,0.85,1,0.05,11,0.55,46,2.3,3,0.15,51,2.55,15,0.75
68,Merck,MRK,0000310158,2023,4,2,0.5,0,0.0,2,0.5,0,0.0,1,0.25,17,4.25,0,0.0,16,4.0,7,1.75
68,Merck,MRK,0000310158,2024,6,2,0.333333,0,0.0,3,0.5,1,0.166667,2,0.333333,19,3.166667,0,0.0,20,3.333333,14,2.333333
68,Merck,MRK,0000310158,2025,7,2,0.285714,0,0.0,5,0.714286,0,0.0,2,0.285714,16,2.285714,0,0.0,20,2.857143,14,2.0
70,Broadcom,AVGO,0001730168,2023,16,2,0.125,12,0.75,0,0.0,2,0.125,37,2.3125,41,2.5625,6,0.375,86,5.375,42,2.625
70,Broadcom,AVGO,0001730168,2024,48,5,0.104167,29,0.604167,0,0.0,14,0.291667,57,1.1875,86,1.791667,7,0.145833,171,3.5625,136,2.833333
70,Broadcom,AVGO,0001730168,2025,63,4,0.063492,34,0.539683,0,0.0,25,0.396825,73,1.15873,83,1.31746,7,0.111111,157,2.492063,184,2.920635
71,Delta Air Lines,DAL,0000027904,2025,12,5,0.416667,5,0.416667,2,0.166667,0,0.0,9,0.75,27,2.25,2,0.166667,31,2.583333,14,1.166667
73,Pfizer,PFE,0000078003,2023,6,1,0.166667,0,0.0,4,0.666667,1,0.166667,3,0.5,20,3.333333,0,0.0,13,2.166667,6,1.0
73,Pfizer,PFE,0000078003,2024,9,2,0.222222,0,0.0,4,0.444444,3,0.333333,3,0.333333,26,2.888889,2,0.222222,14,1.555556,7,0.777778
73,Pfizer,PFE,0000078003,2025,31,4,0.129032,3,0.096774,16,0.516129,8,0.258065,33,1.064516,48,1.548387,3,0.096774,46,1.483871,14,0.451613
74,TD Synnex,SNX,0001177394,2023,5,0,0.0,3,0.6,0,0.0,2,0.4,5,1.0,15,3.0,2,0.4,18,3.6,20,4.0
74,TD Synnex,SNX,0001177394,2024,6,1,0.166667,3,0.5,0,0.0,2,0.333333,6,1.0,20,3.333333,2,0.333333,23,3.833333,21,3.5
74,TD Synnex,SNX,0001177394,2025,20,2,0.1,4,0.2,11,0.55,3,0.15,15,0.75,48,2.4,2,0.1,33,1.65,22,1.1
75,ConocoPhillips,COP,0001163165,2023,1,1,1.0,0,0.0,0,0.0,0,0.0,0,0.0,2,2.0,0,0.0,2,2.0,1,1.0
75,ConocoPhillips,COP,0001163165,2024,1,1,1.0,0,0.0,0,0.0,0,0.0,0,0.0,2,2.0,0,0.0,2,2.0,1,1.0
75,ConocoPhillips,COP,0001163165,2025,1,1,1.0,0,0.0,0,0.0,0,0.0,0,0.0,2,2.0,0,0.0,2,2.0,1,1.0
76,Galaxy Digital,GLXY,0001859392,2025,80,7,0.0875,21,0.2625,14,0.175,38,0.475,30,0.375,95,1.1875,14,0.175,210,2.625,101,1.2625
77,AbbVie,ABBV,0001551152,2024,4,1,0.25,0,0.0,2,0.5,1,0.25,0,0.0,7,1.75,0,0.0,6,1.5,4,1.0
77,AbbVie,ABBV,0001551152,2025,5,2,0.4,1,0.2,1,0.2,1,0.2,0,0.0,7,1.4,0,0.0,6,1.2,4,0.8
78,Prudential Financial,PRU,0001137774,2023,10,2,0.2,0,0.0,5,0.5,3,0.3,7,0.7,58,5.8,4,0.4,50,5.0,3,0.3
78,Prudential Financial,PRU,0001137774,2024,20,3,0.15,0,0.0,12,0.6,5,0.25,14,0.7,75,3.75,4,0.2,72,3.6,18,0.9
78,Prudential Financial,PRU,0001137774,2025,23,7,0.304348,0,0.0,12,0.521739,4,0.173913,15,0.652174,82,3.565217,6,0.26087,83,3.608696,28,1.217391
79,TJX,TJX,0000109198,2025,4,2,0.5,1,0.25,0,0.0,1,0.25,0,0.0,6,1.5,0,0.0,6,1.5,7,1.75
80,Performance Food Group,PFGC,0001618673,2024,3,1,0.333333,0,0.0,2,0.666667,0,0.0,2,0.666667,5,1.666667,0,0.0,4,1.333333,4,1.333333
80,Performance Food Group,PFGC,0001618673,2025,10,3,0.3,0,0.0,6,0.6,1,0.1,18,1.8,38,3.8,3,0.3,22,2.2,10,1.0
81,United Airlines Holdings,UAL,0000100517,2023,6,2,0.333333,0,0.0,4,0.666667,0,0.0,2,0.333333,20,3.333333,3,0.5,9,1.5,12,2.0
81,United Airlines Holdings,UAL,0000100517,2024,7,2,0.285714,0,0.0,5,0.714286,0,0.0,3,0.428571,21,3.0,3,0.428571,10,1.428571,15,2.142857
81,United Airlines Holdings,UAL,0000100517,2025,8,2,0.25,0,0.0,5,0.625,1,0.125,3,0.375,21,2.625,4,0.5,10,1.25,16,2.0
82,Oracle,ORCL,0001341439,2023,13,0,0.0,12,0.923077,0,0.0,1,0.076923,12,0.923077,22,1.692308,2,0.153846,28,2.153846,51,3.923077
82,Oracle,ORCL,0001341439,2024,23,1,0.043478,15,0.652174,4,0.173913,3,0.130435,12,0.521739,53,2.304348,2,0.086957,49,2.130435,72,3.130435
82,Oracle,ORCL,0001341439,2025,30,2,0.066667,16,0.533333,6,0.2,6,0.2,13,0.433333,61,2.033333,2,0.066667,59,1.966667,87,2.9
83,Cisco Systems,CSCO,0000858877,2023,21,1,0.047619,11,0.52381,6,0.285714,3,0.142857,23,1.095238,49,2.333333,0,0.0,55,2.619048,26,1.238095
83,Cisco Systems,CSCO,0000858877,2024,26,4,0.153846,10,0.384615,9,0.346154,3,0.115385,17,0.653846,45,1.730769,0,0.0,43,1.653846,22,0.846154
83,Cisco Systems,CSCO,0000858877,2025,47,4,0.085106,24,0.510638,13,0.276596,6,0.12766,19,0.404255,76,1.617021,1,0.021277,96,2.042553,53,1.12766
84,HP,HPQ,0000047217,2023,19,0,0.0,2,0.105263,9,0.473684,8,0.421053,17,0.894737,28,1.473684,0,0.0,23,1.210526,9,0.473684
84,HP,HPQ,0000047217,2024,33,3,0.090909,9,0.272727,13,0.393939,8,0.242424,27,0.818182,70,2.121212,0,0.0,60,1.818182,31,0.939394
84,HP,HPQ,0000047217,2025,38,3,0.078947,7,0.184211,14,0.368421,14,0.368421,47,1.236842,75,1.973684,0,0.0,64,1.684211,35,0.921053
85,Charter Communications,CHTR,0001091667,2023,9,1,0.111111,0,0.0,7,0.777778,1,0.111111,1,0.111111,17,1.888889,0,0.0,11,1.222222,3,0.333333
85,Charter Communications,CHTR,0001091667,2024,9,1,0.111111,0,0.0,7,0.777778,1,0.111111,1,0.111111,16,1.777778,0,0.0,10,1.111111,3,0.333333
85,Charter Communications,CHTR,0001091667,2025,12,3,0.25,0,0.0,8,0.666667,1,0.083333,3,0.25,25,2.083333,0,0.0,22,1.833333,5,0.416667
86,American Airlines Group,AAL,0000006201,2023,1,0,0.0,0,0.0,0,0.0,1,1.0,1,1.0,0,0.0,0,0.0,0,0.0,1,1.0
86,American Airlines Group,AAL,0000006201,2024,21,9,0.428571,0,0.0,10,0.47619,2,0.095238,13,0.619048,77,3.666667,10,0.47619,51,2.428571,30,1.428571
86,American Airlines Group,AAL,0000006201,2025,28,9,0.321429,0,0.0,17,0.607143,2,0.071429,15,0.535714,77,2.75,12,0.428571,49,1.75,39,1.392857
87,Tyson Foods,TSN,0000100493,2023,6,0,0.0,2,0.333333,0,0.0,4,0.666667,23,3.833333,4,0.666667,0,0.0,3,0.5,1,0.166667
87,Tyson Foods,TSN,0000100493,2024,3,1,0.333333,1,0.333333,0,0.0,1,0.333333,5,1.666667,5,1.666667,0,0.0,4,1.333333,1,0.333333
87,Tyson Foods,TSN,0000100493,2025,4,1,0.25,1,0.25,0,0.0,2,0.5,7,1.75,5,1.25,0,0.0,4,1.0,1,0.25
88,Intel,INTC,0000050863,2023,99,2,0.020202,73,0.737374,9,0.090909,15,0.151515,99,1.0,81,0.818182,12,0.121212,108,1.090909,191,1.929293
88,Intel,INTC,0000050863,2024,88,4,0.045455,56,0.636364,5,0.056818,23,0.261364,93,1.056818,56,0.636364,10,0.113636,80,0.909091,117,1.329545
88,Intel,INTC,0000050863,2025,96,4,0.041667,62,0.645833,6,0.0625,24,0.25,89,0.927083,53,0.552083,15,0.15625,111,1.15625,131,1.364583
89,Enterprise Products Partners,EPD,0001061219,2025,1,0,0.0,0,0.0,0,0.0,1,1.0,1,1.0,1,1.0,0,0.0,1,1.0,0,0.0
90,Ingram Micro Holding,INGM,0001897762,2024,21,2,0.095238,8,0.380952,7,0.333333,4,0.190476,17,0.809524,47,2.238095,0,0.0,34,1.619048,36,1.714286
90,Ingram Micro Holding,INGM,0001897762,2025,24,2,0.083333,8,0.333333,7,0.291667,7,0.291667,23,0.958333,54,2.25,0,0.0,42,1.75,39,1.625
91,General Dynamics,GD,0000040533,2023,5,0,0.0,5,1.0,0,0.0,0,0.0,2,0.4,5,1.0,0,0.0,9,1.8,9,1.8
91,General Dynamics,GD,0000040533,2024,4,0,0.0,4,1.0,0,0.0,0,0.0,2,0.5,4,1.0,0,0.0,6,1.5,8,2.0
91,General Dynamics,GD,0000040533,2025,4,0,0.0,3,0.75,0,0.0,1,0.25,2,0.5,4,1.0,1,0.25,6,1.5,7,1.75
92,Uber Technologies,UBER,0001543151,2023,16,5,0.3125,1,0.0625,9,0.5625,1,0.0625,2,0.125,34,2.125,0,0.0,40,2.5,16,1.0
92,Uber Technologies,UBER,0001543151,2024,16,4,0.25,0,0.0,10,0.625,2,0.125,2,0.125,37,2.3125,2,0.125,39,2.4375,15,0.9375
92,Uber Technologies,UBER,0001543151,2025,19,5,0.263158,0,0.0,10,0.526316,4,0.210526,4,0.210526,52,2.736842,2,0.105263,48,2.526316,21,1.105263
96,Travelers,TRV,0000086312,2023,13,4,0.307692,1,0.076923,1,0.076923,7,0.538462,21,1.615385,16,1.230769,0,0.0,19,1.461538,15,1.153846
96,Travelers,TRV,0000086312,2024,17,7,0.411765,1,0.058824,1,0.058824,8,0.470588,23,1.352941,28,1.647059,0,0.0,34,2.0,20,1.176471
96,Travelers,TRV,0000086312,2025,29,10,0.344828,1,0.034483,5,0.172414,13,0.448276,27,0.931034,46,1.586207,0,0.0,42,1.448276,31,1.068966
97,Bristol-Myers Squibb,BMY,0000014272,2024,6,1,0.166667,1,0.166667,4,0.666667,0,0.0,9,1.5,13,2.166667,3,0.5,9,1.5,5,0.833333
97,Bristol-Myers Squibb,BMY,0000014272,2025,10,3,0.3,3,0.3,4,0.4,0,0.0,11,1.1,17,1.7,4,0.4,18,1.8,8,0.8
98,Coca-Cola,KO,0000021344,2023,4,1,0.25,0,0.0,0,0.0,3,0.75,5,1.25,6,1.5,1,0.25,13,3.25,6,1.5
98,Coca-Cola,KO,0000021344,2024,6,1,0.166667,0,0.0,0,0.0,5,0.833333,8,1.333333,8,1.333333,1,0.166667,15,2.5,7,1.166667
98,Coca-Cola,KO,0000021344,2025,8,1,0.125,0,0.0,0,0.0,7,0.875,10,1.25,9,1.125,1,0.125,17,2.125,7,0.875
99,Nike,NKE,0000320187,2023,1,0,0.0,0,0.0,0,0.0,1,1.0,1,1.0,0,0.0,0,0.0,0,0.0,2,2.0
99,Nike,NKE,0000320187,2024,4,1,0.25,0,0.0,1,0.25,2,0.5,10,2.5,4,1.0,1,0.25,3,0.75,3,0.75
99,Nike,NKE,0000320187,2025,3,1,0.333333,0,0.0,1,0.333333,1,0.333333,2,0.666667,7,2.333333,1,0.333333,4,1.333333,1,0.333333
