candidate_k,n_windows,silhouette_score,davies_bouldin_score,calinski_harabasz_score,topic_coherence_umass,min_topic_size,min_topic_share,topic_size_distribution,topic_terms_preview,silhouette_norm,davies_bouldin_norm_inverted,calinski_harabasz_norm,topic_coherence_norm,min_topic_share_norm,composite_score,rank
4,4254,0.049656,3.333783,239.518898,-1.391768,729,0.171368,0:729; 1:1240; 2:1249; 3:1036,"T0:data, cybersecurity, information, security, including, privacy, laws, systems | T1:ai, cloud, solutions, services, software, customers, products, data | T2:ai, use, technologies, risks, use ai, business, legal, regulatory | T3:products, including, business, changes, services, financial, new, ai",0.655553,0.200548,1.0,0.617823,1.0,0.694785,1
5,4254,0.05446,3.240411,208.058901,-1.35984,408,0.09591,0:526; 1:967; 2:408; 3:1119; 4:1234,"T0:data, laws, regulations, including, privacy, business, protection, laws regulations | T1:products, including, business, services, ai, new, revenue, changes | T2:cybersecurity, attacks, security, cyber, information, systems, risk, threats | T3:ai, cloud, software, solutions, services, customers, platform, data | T4:ai, use, risks, technologies, use ai, business, legal, regulatory",1.0,0.441458,0.791474,0.683431,0.544036,0.69208,2
6,4254,0.052034,3.330987,187.571468,-1.494267,404,0.094969,0:515; 1:710; 2:404; 3:1068; 4:716; 5:841,"T0:data, laws, regulations, including, privacy, business, protection, information | T1:cloud, ai, software, intel, solutions, nvidia, computing, data | T2:cybersecurity, attacks, security, cyber, information, systems, threats, risk | T3:ai, use, risks, technologies, use ai, legal, regulatory, laws | T4:ai, products, new, services, technologies, generative, business, development | T5:products, including, business, services, changes, revenue, ai, capital",0.826056,0.207762,0.655678,0.407201,0.53835,0.527009,3
7,4254,0.043141,3.410447,170.226208,-1.205782,392,0.092149,0:552; 1:503; 2:498; 3:671; 4:786; 5:852; 6:392,"T0:ai, cloud, intel, software, nvidia, solutions, computing, edge | T1:laws, regulations, ai, data, laws regulations, act, privacy, regulatory | T2:including, business, changes, risk, financial, products, ability, data | T3:ai, products, google, services, new, solutions, customers, capabilities | T4:products, services, ai, including, revenue, business, new, demand | T5:ai, use, risks, technologies, use ai, business, legal, harm | T6:cybersecurity, attacks, security, information, cyber, systems, risk, threats",0.188428,0.002745,0.540709,1.0,0.521309,0.450638,4
10,4254,0.047195,3.334849,137.411372,-1.450722,240,0.056417,0:304; 1:560; 2:575; 3:322; 4:323; 5:786; 6:353; 7:370; 8:240; 9:421,"T0:changes, risk, including, business, financial, ability, credit, capital | T1:ai, products, google, generative, new, generative ai, services, intelligence | T2:products, services, new, including, business, ai, technologies, customers | T3:nvidia, intel, ai, computing, software, gpus, data center, center | T4:data, laws, privacy, regulations, protection, laws regulations, information, security | T5:ai, use, risks, technologies, use ai, business, harm, legal | T6:ai, laws, regulations, act, laws regulations, use, eu, regulatory | T7:cybersecurity, attacks, cyber, security, information, systems, threats, risk | T8:billion, 2025, year, 2024, net, revenue, fiscal, 2023 | T9:cloud, solutions, ai, infrastructure, customers, services, oracle, edge",0.479099,0.197797,0.323203,0.49668,0.305394,0.360435,5
8,4254,0.042965,3.411511,156.845374,-1.403539,350,0.082276,0:387; 1:514; 2:395; 3:488; 4:350; 5:701; 6:813; 7:606,"T0:cybersecurity, attacks, information, cyber, security, systems, threats, risk | T1:including, business, changes, risk, products, financial, ability, data | T2:cloud, solutions, ai, services, infrastructure, oracle, customers, platform | T3:laws, ai, regulations, data, laws regulations, act, privacy, regulatory | T4:intel, nvidia, ai, computing, software, gpus, data center, compute | T5:products, revenue, services, ai, including, business, new, demand | T6:ai, use, risks, technologies, use ai, business, legal, harm | T7:ai, products, new, services, technologies, generative, intelligence, artificial",0.175808,0.0,0.452017,0.593635,0.46165,0.336622,6
9,4254,0.043989,3.396676,146.488667,-1.465391,349,0.08204,0:425; 1:375; 2:533; 3:391; 4:408; 5:386; 6:794; 7:593; 8:349,"T0:data, laws, including, regulations, business, privacy, protection, information | T1:cybersecurity, attacks, cyber, security, information, systems, threats, risk | T2:ai, products, google, generative, new, generative ai, technology, services | T3:capital, billion, net, including, 2024, 2025, changes, risk | T4:cloud, solutions, infrastructure, ai, customers, services, oracle, platform | T5:ai, laws, regulations, act, laws regulations, use, regulatory, eu | T6:ai, use, risks, technologies, use ai, business, harm, legal | T7:products, services, new, business, including, ai, demand, customer | T8:intel, nvidia, ai, computing, software, gpus, data center, compute",0.249229,0.038276,0.38337,0.466537,0.460224,0.319527,7
20,4254,0.046737,3.023932,88.650161,-1.692431,25,0.005877,0:265; 1:236; 2:303; 3:116; 4:25; 5:263; 6:255; 7:106; 8:324; 9:482; 10:233; 11:195; 12:100; 13:135; 14:194; 15:210; 16:358; 17:216; 18:135; 19:103,"T0:risk, changes, including, financial, business, credit, ability, risks | T1:ai, google, gemini, users, products, platform, people, new | T2:products, services, new, including, technologies, competitors, business, changes | T3:claims, content, including, rights, damages, media, use, business | T4:accounts, metrics, user, user accounts, family, family metrics, estimates, multiple | T5:cloud, oracle, solutions, infrastructure, customers, services, security, ai | T6:ai, laws, regulations, act, eu, laws regulations, regulatory, ai act | T7:hpc, ai hpc, hpc data, data center, center, data, ai, infrastructure | T8:ai, products, technologies, business, services, investments, products services, new | T9:ai, risks, use, harm, legal, use ai, technologies, issues | T10:data, laws, privacy, regulations, protection, laws regulations, information, data protection | T11:care, health, health care, ai, use, insurance, patient, technology | T12:export, restrictions, products, controls, including, regulations, laws, export controls | T13:nvidia, ai, software, gpus, computing, rtx, cloud, graphics | T14:billion, 2025, 2024, net, year, fiscal, revenue, 2023 | T15:intel, ai, performance, workloads, processors, edge, compute, computing | T16:cybersecurity, attacks, cyber, information, security, systems, threats, risk | T17:ai, use, generative, risks, models, generative ai, artificial, artificial intelligence | T18:automation, distribution, fedex, solutions, including, systems, manufacturing, services | T19:microsoft, azure, ai, cloud, 365, copilot, services, microsoft 365",0.446261,1.0,0.0,0.0,0.0,0.289252,8
11,4254,0.043213,3.400095,129.191003,-1.460695,252,0.059238,0:252; 1:320; 2:731; 3:361; 4:403; 5:344; 6:313; 7:445; 8:319; 9:402; 10:364,"T0:billion, 2025, year, 2024, net, fiscal, revenue, operating | T1:risk, including, changes, business, financial, credit, ability, risks | T2:ai, use, risks, technologies, use ai, harm, business, legal | T3:cybersecurity, attacks, cyber, security, information, systems, threats, risk | T4:cloud, solutions, infrastructure, ai, customers, services, oracle, edge | T5:ai, laws, regulations, act, use, laws regulations, eu, regulatory | T6:nvidia, intel, ai, computing, software, gpus, data center, center | T7:ai, products, technologies, services, business, new, products services, investments | T8:data, laws, regulations, privacy, protection, laws regulations, information, security | T9:products, services, including, new, business, customers, customer, demand | T10:ai, google, care, generative, generative ai, learning, intelligence, artificial",0.19359,0.029455,0.268716,0.476187,0.32244,0.258078,9
14,4254,0.040968,3.280801,110.447812,-1.464934,147,0.034556,0:236; 1:360; 2:545; 3:147; 4:286; 5:213; 6:350; 7:275; 8:422; 9:337; 10:270; 11:182; 12:366; 13:265,"T0:data, laws, privacy, regulations, protection, information, laws regulations, security | T1:cybersecurity, attacks, cyber, security, information, systems, threats, threat | T2:ai, use, risks, harm, technologies, use ai, legal, business | T3:nvidia, ai, software, gpus, computing, rtx, cloud, platform | T4:ai, laws, regulations, act, eu, laws regulations, regulatory, ai act | T5:intel, ai, performance, workloads, processors, compute, edge, computing | T6:cloud, solutions, infrastructure, services, oracle, customers, ai, security | T7:products, services, including, automation, customer, distribution, customers, digital | T8:products, ai, services, new, business, technologies, products services, continue | T9:ai, google, microsoft, users, products, gemini, new, people | T10:billion, 2025, 2024, year, net, capital, fiscal, revenue | T11:care, health, health care, ai, use, patient, insurance, intelligence | T12:including, changes, business, financial, products, risk, ability, impact | T13:ai, use, risks, models, generative, artificial, artificial intelligence, intelligence",0.032624,0.337247,0.144481,0.467477,0.173296,0.231025,10
13,4254,0.040513,3.297775,116.117931,-1.494154,189,0.044429,0:257; 1:275; 2:241; 3:412; 4:312; 5:520; 6:310; 7:362; 8:189; 9:287; 10:300; 11:382; 12:407,"T0:ai, use, risks, models, artificial, artificial intelligence, generative, intelligence | T1:ai, laws, regulations, act, eu, laws regulations, regulatory, ai act | T2:billion, 2025, year, 2024, revenue, net, fiscal, 2023 | T3:ai, products, technologies, services, business, new, products services, continue | T4:including, changes, risk, business, financial, ability, credit, risks | T5:ai, use, harm, risks, legal, use ai, technologies, issues | T6:ai, google, learning, gemini, users, models, new, driving | T7:cybersecurity, attacks, cyber, security, systems, information, threats, threat | T8:care, health, health care, ai, patient, use, clinical, technology | T9:data, laws, privacy, regulations, protection, laws regulations, information, security | T10:nvidia, intel, ai, software, computing, gpus, data center, center | T11:products, services, including, customer, new, demand, customers, business | T12:cloud, solutions, infrastructure, ai, customers, services, oracle, edge",0.0,0.293452,0.182064,0.407433,0.232955,0.223181,11
15,4254,0.042555,3.273926,106.303648,-1.532278,139,0.032675,0:205; 1:440; 2:526; 3:217; 4:265; 5:241; 6:342; 7:221; 8:321; 9:193; 10:217; 11:361; 12:294; 13:272; 14:139,"T0:automation, distribution, services, including, digital, products, solutions, systems | T1:products, ai, services, new, business, competitors, technologies, continue | T2:ai, use, harm, risks, use ai, technologies, legal, intellectual | T3:intel, ai, performance, workloads, compute, computing, processors, edge | T4:ai, laws, regulations, act, eu, laws regulations, regulatory, ai act | T5:risk, including, financial, credit, changes, capital, management, ability | T6:cloud, solutions, infrastructure, oracle, services, customers, ai, security | T7:data, privacy, laws, regulations, protection, information, security, personal | T8:ai, google, products, users, microsoft, believe, new, gemini | T9:care, health, health care, ai, use, patient, insurance, intelligence | T10:billion, 2025, year, revenue, 2024, fiscal, net, primarily | T11:cybersecurity, attacks, cyber, systems, information, security, threats, risk | T12:ai, risks, use, generative, artificial, artificial intelligence, intelligence, generative ai | T13:products, including, business, changes, export, laws, adversely, services | T14:nvidia, ai, software, gpus, computing, rtx, platform, cloud",0.146411,0.354986,0.117012,0.329093,0.16193,0.221887,12
12,4254,0.043089,3.320661,122.22458,-1.598038,186,0.043724,0:680; 1:354; 2:319; 3:299; 4:380; 5:422; 6:312; 7:358; 8:393; 9:186; 10:225; 11:326,"T0:ai, use, risks, technologies, use ai, harm, business, legal | T1:ai, google, generative, learning, generative ai, intelligence, new, gemini | T2:ai, laws, regulations, act, laws regulations, regulatory, eu, use | T3:data, laws, privacy, regulations, protection, laws regulations, information, security | T4:cloud, solutions, infrastructure, ai, customers, services, oracle, platform | T5:ai, products, technologies, services, business, new, products services, continue | T6:risk, including, changes, financial, business, credit, risks, ability | T7:cybersecurity, attacks, cyber, security, information, systems, risk, threats | T8:products, services, including, business, customers, customer, changes, new | T9:care, health, health care, ai, patient, use, clinical, insurance | T10:billion, year, 2025, 2024, net, fiscal, revenue, cash | T11:intel, nvidia, ai, software, computing, gpus, data center, compute",0.184699,0.234404,0.222541,0.193965,0.228695,0.212861,13
17,4254,0.043768,3.264554,97.585208,-1.58868,134,0.0315,0:215; 1:196; 2:146; 3:487; 4:215; 5:263; 6:287; 7:285; 8:184; 9:213; 10:274; 11:134; 12:292; 13:268; 14:352; 15:303; 16:140,"T0:ai, use, generative, risks, models, generative ai, artificial intelligence, artificial | T1:data, laws, privacy, regulations, protection, data protection, personal, information | T2:export, products, laws, regulations, restrictions, including, business, controls | T3:ai, use, harm, legal, use ai, risks, issues, intellectual property | T4:intel, ai, performance, computing, workloads, compute, processors, edge | T5:hpc, center, ai hpc, infrastructure, data center, hpc data, data, ai | T6:products, including, services, changes, customer, new, product, business | T7:ai, google, gemini, users, new, products, believe, people | T8:billion, 2024, net, 2025, year, revenue, fiscal, 2023 | T9:risk, changes, including, credit, financial, business, ability, future | T10:ai, laws, regulations, act, eu, laws regulations, regulators, regulatory | T11:nvidia, ai, software, gpus, rtx, computing, deep, platform | T12:cybersecurity, attacks, cyber, security, threat, threats, risk, systems | T13:information, risks, systems, data, business, including, use, result | T14:ai, products, technologies, services, business, products services, new, investments | T15:cloud, oracle, solutions, services, ai, platform, microsoft, customers | T16:care, health, health care, ai, patient, clinical, medical, improve",0.233384,0.379167,0.059224,0.213195,0.15483,0.20796,14
18,4254,0.043364,3.201329,94.415175,-1.61529,85,0.019981,0:272; 1:85; 2:219; 3:318; 4:138; 5:441; 6:184; 7:279; 8:191; 9:292; 10:230; 11:291; 12:199; 13:261; 14:140; 15:376; 16:148; 17:190,"T0:ai, laws, regulations, act, eu, laws regulations, regulators, regulatory | T1:user, accounts, metrics, content, products, media, user accounts, including | T2:ai, generative, use, risks, models, generative ai, artificial intelligence, artificial | T3:cloud, solutions, oracle, services, ai, customers, platform, infrastructure | T4:care, health, health care, ai, patient, clinical, medical, improve | T5:ai, use, harm, legal, use ai, issues, intellectual, intellectual property | T6:data, laws, privacy, regulations, protection, data protection, information, personal | T7:risks, data, systems, information, use, ai, business, technologies | T8:including, products, export, business, laws, changes, regulations, restrictions | T9:ai, google, gemini, users, new, development, products, believe | T10:risk, credit, including, financial, changes, capital, business, management | T11:cybersecurity, attacks, cyber, security, threat, threats, risk, systems | T12:billion, 2024, 2025, net, year, revenue, fiscal, cash | T13:products, services, automation, customer, including, distribution, customers, new | T14:data center, center, hpc, ai hpc, hpc data, data, infrastructure, ai | T15:ai, products, services, technologies, new, business, products services, investments | T16:nvidia, ai, software, gpus, computing, rtx, platform, graphics | T17:intel, ai, performance, processors, workloads, edge, compute, computing",0.204417,0.542295,0.038212,0.158515,0.085225,0.205733,15
19,4254,0.043503,3.177166,90.809975,-1.653994,104,0.024448,0:110; 1:183; 2:104; 3:338; 4:281; 5:271; 6:238; 7:144; 8:217; 9:151; 10:184; 11:197; 12:210; 13:203; 14:283; 15:232; 16:436; 17:273; 18:199,"T0:generative, generative ai, ai, use, artificial intelligence, artificial, intelligence, risks | T1:data center, hpc, center, infrastructure, ai hpc, data, hpc data, ai | T2:export, restrictions, products, controls, including, requirements, regulations, export controls | T3:ai, products, technologies, services, business, new, products services, investments | T4:cloud, oracle, solutions, services, microsoft, ai, platform, customers | T5:information, risks, systems, data, business, including, use, parties | T6:products, including, changes, services, product, user, ability, new | T7:care, health, health care, ai, patient, clinical, medical, use | T8:data, laws, privacy, regulations, protection, laws regulations, data protection, security | T9:nvidia, ai, software, gpus, computing, rtx, cloud, platform | T10:intel, ai, processors, performance, workloads, edge, computing, core | T11:ai, models, risks, use, data, risk, inaccurate, algorithms | T12:automation, solutions, distribution, fedex, company, manufacturing, capabilities, vehicles | T13:billion, year, net, 2024, 2025, fiscal, revenue, cash | T14:cybersecurity, attacks, cyber, security, threat, threats, risk, actors | T15:risk, changes, including, financial, credit, business, ability, capital | T16:ai, use, harm, use ai, legal, issues, technologies, intellectual | T17:ai, laws, regulations, act, eu, laws regulations, regulators, regulatory | T18:ai, google, gemini, users, products, people, search, new",0.214383,0.604638,0.014316,0.078983,0.112218,0.204907,16
16,4254,0.043422,3.287275,100.919768,-1.665079,66,0.015515,0:203; 1:260; 2:229; 3:205; 4:363; 5:302; 6:273; 7:200; 8:212; 9:316; 10:333; 11:287; 12:183; 13:300; 14:522; 15:66,"T0:billion, year, 2025, 2024, revenue, net, fiscal, primarily | T1:ai, laws, regulations, act, eu, laws regulations, regulatory, ai act | T2:including, business, changes, laws, products, adversely, regulations, affect | T3:data, laws, privacy, regulations, protection, data protection, information, personal | T4:cloud, solutions, infrastructure, ai, customers, oracle, services, edge | T5:nvidia, intel, ai, software, computing, gpus, data center, center | T6:ai, risks, use, generative, artificial, artificial intelligence, intelligence, models | T7:risk, credit, including, changes, financial, capital, statements, ability | T8:automation, solutions, distribution, digital, services, including, products, fedex | T9:attacks, cybersecurity, cyber, systems, information, security, threats, actors | T10:products, ai, services, new, technologies, products services, business, continue | T11:ai, google, users, gemini, products, new, believe, driving | T12:care, health, health care, ai, use, patient, insurance, intelligence | T13:products, business, demand, services, ai, including, customers, market | T14:ai, use, harm, risks, technologies, use ai, legal, issues | T15:cybersecurity, risk, committee, risks, board, management, security, ciso",0.208575,0.320544,0.081326,0.056205,0.058239,0.144978,17
